"OTUs"	"N2"	"N3"	"N4"	"E1"	"E3"	"E4"	"E5"
1	16	283	209	0	0	0	0
2	0	0	0	0	264	0	0
3	317	0	52	0	126	0	0
4	0	0	18	0	0	0	0
5	69	0	17	0	0	0	0
6	0	0	42	0	16	0	0
7	217	0	85	0	0	0	0
8	0	0	30	0	0	0	0
9	408	12	2160	0	869	0	293
10	178	0	21	0	0	0	23
11	24	0	74	0	0	25	0
12	0	11	0	10	0	0	0
13	57	0	156	0	0	0	0
14	0	0	15	0	751	0	0
15	69	0	505	0	0	0	0
16	15	9811	455	0	0	0	0
17	21	13	203	47	69	0	25
18	214	0	132	0	0	0	0
19	804	65	2785	0	525	0	0
20	2397	0	1416	0	2430	0	0
21	0	0	10	0	0	0	0
22	93	54	44	0	0	0	0
23	0	0	17	0	0	16	26140
24	1139	0	164	134	0	0	1182
25	17	0	0	0	0	0	0
26	0	0	250	0	0	0	0
27	11	0	33	0	0	0	0
28	30	0	75	0	0	0	0
29	0	0	14	0	0	0	0
30	0	0	313	0	0	0	0
31	0	80	161	0	0	0	34
32	17	34	2436	0	0	0	150
33	1843	0	28	0	0	0	0
34	0	0	265	0	38	0	113
35	199	0	129	0	0	0	0
36	18	0	0	0	0	0	0
37	0	0	21	0	0	0	0
38	0	0	0	0	13	0	0
39	628	0	181	0	378	0	78
40	18	0	240	0	11	0	1168
41	169	16	34	22	0	0	0
42	19	0	181	26	572	0	2735
43	0	0	29	0	0	0	0
44	0	0	198	0	0	0	0
45	251	0	75	0	15	0	0
46	159	0	291	0	0	0	0
47	231	0	501	0	42	0	21
48	67	0	52	0	0	0	0
49	27	0	23	0	0	0	0
50	0	0	0	0	14	0	0
51	0	0	192	0	0	127	0
52	62	0	20	0	0	0	0
53	2213	80	4894	17	885	91	462
54	0	0	46	0	0	0	0
55	0	10	0	0	0	0	0
56	17	0	53	0	0	0	0
57	884	0	206	0	0	0	0
58	68	0	0	0	60	0	0
59	0	0	21	0	39	0	0
60	0	0	57	0	0	0	0
61	0	0	22	0	20	0	0
62	0	0	17	0	10	0	0
63	0	0	17	0	0	0	0
64	348	0	137	0	647	0	44
65	0	0	0	0	578	0	12
66	692	0	0	0	0	0	0
67	0	11	16	0	35	0	0
68	0	0	151	0	0	0	0
69	0	0	25	0	0	0	0
70	525	0	0	0	0	0	93
71	378	8083	176	102	0	0	0
72	404	0	53	0	0	0	129
73	0	0	21	16	0	0	0
74	0	0	0	0	0	105	0
75	173	61	1173	0	80	510	3320
76	0	193	23	0	0	0	0
77	152	0	156	0	0	0	0
78	136	0	128	0	0	0	0
79	330	837	1957	0	95	104	11
80	0	0	0	0	0	0	28
81	22	20	0	0	0	0	0
82	15	0	16	0	0	0	0
83	27	0	34	0	0	0	0
84	0	0	0	63	0	0	27
85	35	0	0	0	0	0	0
86	0	11	637	0	0	0	0
87	46	0	2523	0	35	0	0
88	526	0	88	0	293	0	39
89	286	0	62	0	0	0	0
90	0	0	62	0	0	0	0
91	0	0	0	0	12	0	0
92	163	0	303	0	174	0	528
93	0	0	215	32	7398	0	42
94	221	0	93	193	0	0	178
95	943	162005	5349	0	52	0	666
96	12	0	0	0	0	0	0
97	42	0	545	0	0	0	129
98	38	0	994	0	0	0	39
99	68	35	274	0	0	0	0
100	10	0	29	0	0	0	0
101	61	0	17	0	0	0	0
102	0	0	14	0	0	0	0
103	55	0	399	0	1467	0	99
104	169	0	283	0	0	0	404
105	373	0	75	0	26	0	0
106	0	0	154	0	0	0	0
107	285	4139	1388	39	0	0	141
108	66	0	76	0	0	0	0
109	29	0	0	0	0	0	0
110	32	11	59	0	0	0	0
111	104	0	236	41	19	0	167
112	10	10	0	0	0	0	0
113	0	0	0	52	0	0	0
114	0	0	0	589	0	0	0
115	1644	0	0	0	0	0	0
116	0	0	595	0	0	0	0
117	140	0	89	0	0	0	0
118	2402	213	6067	0	12	0	206
119	24	0	28	0	0	0	0
120	32	749	141	0	90	0	0
121	26709	0	0	0	0	0	0
122	0	0	29	0	0	0	0
123	46	0	34	227	0	0	0
124	31	0	96	0	0	0	0
125	33	0	92	0	0	0	0
126	0	0	10	0	0	0	0
127	70	15	0	0	0	94	0
128	36	0	140	0	0	0	111
129	14	0	0	0	0	0	0
130	18	35	73	0	0	0	0
131	0	0	0	0	91	0	0
132	135	104	584	0	100	0	0
133	130	41	684	97	10	0	53
134	39	0	0	0	0	0	0
135	0	0	10	0	0	0	0
136	847	0	1006	124	15806	112	895
137	110	7488	876	57	129	0	0
138	584	0	2252	23	0	0	0
139	538	0	551	0	0	0	0
140	120	0	61	0	12668	0	10
141	101	0	0	0	0	0	0
142	74	0	13	0	0	0	19
143	0	48	0	0	39	0	16
144	10	0	25	0	10	0	0
145	16	0	34	0	0	0	0
146	1553	28	2170	151	34	93	30442
147	197	0	0	0	0	0	0
148	43	0	214	0	0	0	0
149	30	86	11	687	0	0	0
150	106	64	1137	37	2429	0	2271
151	0	0	60	452	1004	146	30
152	46	0	148	0	0	0	71
153	0	63	0	22	0	0	220
154	0	0	80	101	0	0	20
155	77	0	197	0	0	0	26
156	0	65	40	0	26	0	0
157	0	0	12	0	13	0	0
158	0	0	373	0	0	0	0
159	1971	94	3720	96	41	0	1764
160	0	0	0	0	0	32	0
161	49	85	745	0	14	0	62
162	29	0	189	0	0	0	0
163	227	0	349	0	32	0	0
164	76	20	25	0	0	0	16
165	60	0	135	0	0	0	0
166	0	0	39	0	0	0	0
167	30	0	0	0	0	0	0
168	48	20	89	0	0	0	0
169	0	0	143	0	0	0	0
170	0	0	40	0	0	0	0
171	0	0	53	0	0	0	0
172	0	0	186	0	40	0	162
173	542	0	0	0	0	0	0
174	0	0	19	20	0	0	0
175	0	12	0	0	0	0	0
176	45	0	22	0	41	0	18
177	76	0	0	0	0	0	0
178	0	0	86	0	43	0	0
179	407	0	781	164	26	0	1428
180	0	0	76	0	38	0	0
181	146	0	512	0	0	20	0
182	0	14	874	0	0	0	41
183	324	0	0	0	0	0	0
184	13	0	38	0	0	0	0
185	424	0	3173	0	0	0	65
186	11	0	60	0	0	0	0
187	0	0	0	0	130	0	0
188	99	0	209	815	10	0	23
189	0	0	35	0	0	0	67
190	13	0	0	0	0	0	1849
191	14	0	108	0	0	0	0
192	0	0	265	0	142	0	0
193	0	0	0	0	0	0	16
194	45	0	97	0	109	47	18
195	0	0	0	0	0	0	575
196	0	0	15	0	2765	0	0
197	0	0	21	0	0	0	191
198	75	0	69	0	0	0	0
199	61	0	1612	29	0	166	70
200	1562	182	7631	625	7413	225	2448
201	0	0	22	0	0	0	0
202	0	0	0	0	0	0	17
203	15	0	0	0	0	0	0
204	25	0	128	0	0	0	0
205	41	0	0	91	0	0	0
206	17	0	24	13	0	0	479
207	37	10625	24	0	0	0	0
208	22	11	109	39	80	0	90
209	101	42	485	0	0	0	0
210	0	0	33	0	0	0	0
211	6130	0	25	0	0	0	0
212	649	0	1983	0	0	0	38
213	0	109	0	0	0	0	0
214	0	0	171	0	0	0	0
215	393493	0	165	341	0	0	22
216	13	0	0	0	0	0	0
217	2152	0	0	0	0	0	0
218	17	0	0	0	30	0	0
219	0	0	0	0	0	0	202
220	236	0	376	0	0	0	0
221	32	0	19	0	0	0	0
222	12	0	0	0	0	0	0
223	16	31	134	0	0	29	0
224	1473	0	160	1737	0	0	49
225	0	0	169	0	0	0	0
226	287	0	233	20	444	0	54
227	0	0	39	0	0	0	0
228	341	0	1535	0	22	0	617
229	197	0	339	0	15	0	13
230	108	0	184	0	0	0	497
231	46	0	37	0	0	0	0
232	0	0	96	0	0	0	2058
233	0	0	0	0	0	0	24
234	0	0	187	0	0	0	0
235	482	0	0	0	0	0	0
236	24	0	1064	0	37	0	0
237	0	0	11	0	0	0	0
238	35	37	60	0	0	0	0
239	0	10	42	0	0	0	0
240	92	18	536	0	0	0	33
241	44	0	193	0	0	0	19
242	0	0	0	174	0	0	0
243	0	0	839	0	0	0	0
244	0	0	0	0	77	0	0
245	770	0	1888	1716	638	0	22
246	0	0	0	0	11	0	0
247	25	0	34	0	0	0	0
248	233	0	788	195	99	18	765
249	1525	31	2579	54	0	0	55
250	17	53	183	0	132	0	0
251	34	0	113	0	0	0	0
252	20	0	45	0	787	0	0
253	0	0	95	0	0	0	0
254	17	10	537	72	24	0	0
255	0	0	10	0	0	0	0
256	0	0	33	0	0	0	0
257	0	0	30	193	197	0	0
258	0	0	174	0	0	0	0
259	223	1781	831	145	2614	130	1067
260	10334	5077	12398	245	11742	92	8001
261	37	0	117	0	0	0	0
262	16	0	364	0	0	0	11
263	643	0	213	0	0	0	73
264	287	0	538	0	0	0	104
265	1698	0	26	0	0	0	0
266	271	581	1827	0	126	0	87
267	4470	1928	10426	1065	29011	543	5115
268	168	0	81	0	10	0	0
269	4060	0	0	350	0	0	0
270	0	0	2702	0	0	0	0
271	0	0	21	0	0	0	0
272	13	0	0	0	0	0	0
273	158	49	314	0	270	0	24
274	126	0	140	0	0	0	11
275	0	0	0	0	0	0	2839
276	0	0	11	0	0	0	0
277	55	0	132	0	12	0	0
278	61	0	0	0	0	0	0
279	10	0	440	0	0	0	0
280	344	0	1414	0	72	0	0
281	0	0	923	0	0	0	0
282	0	0	164	0	0	0	12
283	13	0	0	0	0	0	0
284	124	0	161	370	120	0	48
285	35	0	0	0	0	0	0
286	589	526	243	212	628	1494	45
287	0	0	0	0	0	0	12
288	14	50	0	0	0	0	869
289	56	0	0	0	0	0	0
290	11	0	0	0	0	0	0
291	0	0	174	0	0	0	0
292	1007	30	1616	35	31	338	3282
293	76	0	0	0	0	0	0
294	0	0	54	0	0	0	0
295	3860	0	10	0	22	0	11
296	26	0	14	0	0	0	0
297	15	0	0	0	0	0	0
298	0	0	1220	0	0	0	23
299	43	0	626	0	0	0	0
300	27	0	0	0	0	0	0
301	0	4394	47	0	0	0	0
302	121	0	1549	705	0	0	784
303	0	0	146	0	0	0	0
304	16	0	198	0	0	0	156
305	115	0	48	0	329	0	874
306	0	12	0	0	0	0	0
307	58	10	188	0	0	0	10
308	88	0	48	0	0	0	66
309	26	0	0	0	0	0	0
310	1257	0	608	0	0	0	0
311	0	0	0	0	0	0	14
312	0	0	427	0	0	58	114
313	58	0	0	0	0	0	0
314	0	0	60	0	0	0	0
315	0	18	57	0	0	0	0
316	20	13	66	0	0	0	0
317	746	0	0	0	154	0	0
318	141	0	0	0	0	0	0
319	0	0	19	0	0	0	0
320	32	0	95	41	0	0	15
321	0	0	21	0	0	0	0
322	0	42	0	0	0	0	0
323	0	0	0	56	0	0	0
324	13	0	31	0	0	0	0
325	0	0	22	0	0	0	0
326	0	0	180	0	0	0	98
327	103	0	1620	0	0	0	0
328	14	2890	153	20	23	0	21
329	0	0	78	47	0	0	0
330	0	0	137	0	0	0	31
331	0	0	24	0	0	0	0
332	0	0	33	0	0	0	126
333	0	0	13	0	0	0	0
334	0	0	16	0	0	0	4627
335	0	0	833	0	0	0	210
336	36	0	369	0	0	0	0
337	0	0	485	0	0	0	0
338	255	0	0	0	0	0	0
339	26	118	194	1771	0	0	0
340	0	21	51	0	0	0	0
341	11	0	21	0	0	0	0
342	10	0	1319	426	0	0	0
343	13	0	0	0	0	0	0
344	35435	0	28	31	0	0	64
345	13	0	18	0	0	0	0
346	0	0	144	0	0	0	0
347	2250	0	776	0	0	58	0
348	1612	0	517	0	0	0	0
349	0	14	123	0	45	0	0
350	137	39	817	0	0	0	0
351	0	0	308	71	93	0	0
352	374	0	0	0	0	0	0
353	83	0	0	0	0	0	0
354	0	0	13	0	72	0	0
355	200	0	0	0	0	0	0
356	61548	324960	392804	2167	7278	24	3660
357	176	0	0	0	0	0	0
358	23	409	47	0	0	0	0
359	0	0	248	0	0	0	1131
360	0	0	19	0	0	0	0
361	135	0	128	0	0	0	0
362	0	0	17	0	0	0	0
363	0	0	358	0	0	0	0
364	58	986	0	0	0	0	0
365	241	0	0	0	0	0	0
366	700	0	382	0	1166	0	180
367	604	0	0	357	0	0	0
368	19	0	25	0	0	0	241
369	15	0	0	0	0	0	0
370	1801	66	970	0	60	0	495
371	100	0	111	0	0	0	0
372	0	0	30	0	0	0	0
373	0	0	461	0	0	0	0
374	112	0	2020	0	0	0	0
375	0	932	72	0	0	0	0
376	144	84	174	686	0	0	0
377	0	0	24	0	0	0	0
378	0	0	0	161	0	0	0
379	0	0	30	0	0	0	117
380	228	0	1138	19	0	0	26
381	0	0	68	0	0	0	0
382	0	0	0	623	0	0	0
383	5693	5208	13192	191	11217	2647	38132
384	123	0	225	0	0	0	15
385	51	9974	83	0	1506	0	0
386	0	0	16	0	0	0	0
387	3363	33025	20776	666	564	0	396
388	0	0	24	16	0	0	0
389	1045	0	621	0	0	0	381
390	82	0	233	0	224	0	0
391	0	0	20	0	0	0	0
392	16	0	0	0	23	0	0
393	0	0	11	0	0	0	0
394	0	0	0	0	21	0	0
395	0	0	0	0	20	0	0
396	56	10	63	0	0	0	0
397	85	0	353	0	0	0	0
398	114	0	0	0	0	0	0
399	321	0	492	0	926	0	15
400	648	72	819	22	0	0	0
401	1704	0	264	16	0	0	56
402	0	0	15	0	0	0	0
403	77	0	58	0	0	0	53
404	102	157	45	0	0	0	73
405	0	0	1744	0	0	0	0
406	0	0	131	0	0	0	0
407	0	0	1689	0	0	0	0
408	0	0	0	0	1395	0	0
409	0	0	74	0	0	0	984
410	14	0	0	0	0	0	0
411	16	0	0	0	0	0	0
412	0	0	174	0	0	0	0
413	251	0	25	12	0	0	0
414	53	0	4387	0	0	282	0
415	0	0	62	16	0	0	16
416	0	11	38	534	0	0	0
417	0	0	143	0	0	0	0
418	0	0	65	0	0	0	24
419	230	0	0	0	0	0	0
420	0	0	18	0	0	0	0
421	0	0	1258	0	0	0	1962
422	0	139	0	0	0	0	0
423	335	21	1592	0	0	0	65
424	164	0	211	0	0	0	61
425	783	10	0	471	0	0	0
426	0	0	84	0	0	0	0
427	667	0	1715	0	704	0	12
428	23	14	403	78	0	0	0
429	0	0	11	0	352	0	0
430	0	0	21	0	0	0	0
431	0	0	94	0	0	0	0
432	59	0	0	0	0	0	0
433	85	0	0	0	0	0	0
434	27	0	0	0	0	0	0
435	0	0	45	0	0	0	18
436	46	0	34	0	0	0	14
437	1612	0	285	0	0	0	0
438	292	0	684	26	30	0	331
439	0	0	0	16	0	0	160
440	0	0	0	0	0	0	3729
441	6110	440	1353	102	11828	0	2343
442	65	0	79	0	0	0	0
443	577	0	0	0	0	0	0
444	0	0	0	297	0	0	0
445	0	0	0	0	0	0	65
446	0	141	0	0	0	0	0
447	0	0	40	0	0	0	0
448	0	0	10	0	40	0	0
449	0	0	147	0	124	0	24
450	999	0	0	0	0	0	0
451	0	1053	464	0	0	0	34
452	2642	0	604	0	75	0	225
453	40	0	30	0	0	0	0
454	107	11	171	0	0	0	0
455	334	0	79	0	0	0	0
456	66	0	0	0	0	0	0
457	13	0	24	0	0	0	0
458	11	0	252	22	0	0	28
459	0	0	880	0	0	0	0
460	0	0	147	0	0	0	0
461	45	0	0	0	0	0	18
462	46	0	797	0	0	0	0
463	0	0	34	0	0	0	0
464	104	0	5439	44	0	0	0
465	0	0	30	138	0	0	6092
466	0	0	27	0	0	0	0
467	94	1528	1088	21	4385	0	438
468	108	0	102	0	0	0	0
469	0	0	133	0	684	0	0
470	19	0	16	0	0	0	0
471	0	0	140	0	0	0	422
472	0	0	46	11	0	0	0
473	10	0	91	0	0	0	0
474	14	0	319	0	0	0	39
475	0	0	0	116	0	0	0
476	0	0	114	19	0	0	0
477	612	13495	2596	0	0	0	0
478	0	41	42	0	0	0	18
479	0	0	52	0	0	0	0
480	0	0	172	0	0	0	0
481	570	0	1072	0	148	0	0
482	75	0	23	0	0	0	0
483	70	0	53	0	758	0	0
484	0	0	390	0	0	0	0
485	0	0	67	0	0	0	0
486	104	0	0	0	0	0	0
487	0	0	30	0	0	0	0
488	12	0	14	0	0	0	0
489	13	10	82	0	0	0	0
490	0	0	359	0	0	0	0
491	0	0	33	546	0	0	0
492	11	1614	335	0	0	0	0
493	39	0	191	24118	17	0	0
494	0	0	0	0	145	0	182
495	51	0	385	0	0	0	0
496	25	0	231	0	521	0	4247
497	19	0	32	0	0	0	0
498	0	0	155	0	0	0	0
499	334	0	30	598	0	0	983
500	113	0	124	0	0	0	0
501	414	0	929	0	0	0	0
502	32	0	88	0	28	118	10
503	63	0	80	0	1030	0	0
504	94	0	0	0	0	0	39
505	450	0	101	0	0	0	1173
506	0	0	0	24	0	0	0
507	75	0	148	0	0	0	0
508	145	19	10	0	0	0	0
509	0	0	0	0	0	0	77
510	124	0	150	0	0	66	0
511	0	0	68	0	0	0	0
512	594	0	21	0	0	0	0
513	76	0	350	120	0	0	352
514	38	14	283	0	0	0	0
515	0	0	151	0	0	0	0
516	1761	0	0	0	0	0	0
517	0	0	110	0	0	0	0
518	0	0	10	33	56	0	15
519	4376	0	54	0	0	0	0
520	0	0	0	168	0	0	0
521	0	0	62	48	44	0	16
522	188	191	831	0	13301	0	0
523	0	0	318	0	0	0	0
524	232	1645	2326	12	10	0	102
525	0	14	19	0	14	0	0
526	100	171	1544	0	0	0	0
527	0	0	0	619	0	0	0
528	0	19	0	0	0	0	0
529	55	0	245	17	108	0	11
530	12	69135	374	0	0	0	0
531	0	0	14	0	0	0	0
532	33	0	45	51	953	0	417
533	583	12	2535	0	672	0	0
534	514	35852	599	0	0	0	29
535	16	0	0	0	0	0	0
536	17	10	27	0	0	0	0
537	14	0	0	0	0	0	0
538	10	16	138	0	0	0	0
539	0	0	23	0	73	0	0
540	0	87	23	0	0	0	0
541	22	136	110	0	13	0	22
542	38	0	27	32	0	0	14
543	0	0	60	0	49	0	0
544	0	0	0	0	0	13	0
545	72	0	325	191	573	0	0
546	0	0	80	0	0	0	0
547	14	0	218	0	0	0	18363
548	0	0	0	11	0	0	0
549	0	18	23	0	1891	0	0
550	0	0	54	0	0	0	0
551	67	0	190	0	188	0	0
552	0	0	0	365	0	0	27
553	0	0	22	0	40	0	0
554	198	0	776	119	93	129	494
555	365	0	83	0	35	0	76
556	174	0	204	0	1554	0	10
557	0	0	68	0	0	0	0
558	253	0	76	0	0	0	0
559	62	0	68	385	3073	0	19
560	27	0	115	0	0	0	0
561	0	0	29	0	0	0	29
562	0	0	0	0	0	0	47
563	11	0	17	17	0	0	0
564	64	0	326	0	7976	0	0
565	800	445	11	544	18	0	0
566	116	0	353	155	0	0	54
567	40	0	71	38	0	0	0
568	0	0	0	0	22	66	0
569	230	0	123	473	0	0	0
570	0	0	18	0	0	0	0
571	0	24	0	0	0	0	0
572	0	0	0	0	0	0	466
573	98	0	40	19	0	0	0
574	143	0	263	0	3708	0	21
575	0	0	0	0	78	0	0
576	0	0	54	0	2356	0	0
577	18	0	574	1379	0	0	0
578	0	0	294	0	0	0	0
579	0	0	103	0	0	0	0
580	0	0	0	0	43	0	0
581	0	0	159	0	52	0	0
582	2145	1806	2374	0	0	205	55
583	0	0	50	0	0	0	0
584	269	0	359	0	1188	0	0
585	65	0	149	8418	0	0	14
586	0	0	26	0	0	0	0
587	57	0	0	0	0	0	0
588	5649	598	24816	3384	11160	179	36638
589	54	72	25	0	0	0	9091
590	112	208	191	0	0	0	10
591	0	0	0	0	0	0	0
592	0	0	0	0	11	0	301
593	234	0	59	0	0	0	0
594	0	0	45	0	0	0	0
595	26	0	883	1389	0	0	188
596	61	0	16	0	0	0	0
597	210	0	314	0	0	0	0
598	69	0	0	0	0	0	0
599	0	19	0	0	0	0	254
600	17	0	0	0	0	0	0
601	17466	262	13313	13	3117	0	0
602	0	0	44	0	0	0	0
603	155	0	0	132	31	0	0
604	78	42	632	0	0	0	12
605	96	0	0	0	0	0	0
606	565	12	605	0	51	0	0
607	95	0	22	0	0	0	0
608	31	0	0	0	0	0	0
609	501	0	3002	0	0	46	180
610	1199	241	3008	726	2077	125	1108
611	123	0	82	0	0	0	0
612	0	0	30	0	0	49	17
613	3207	0	31	15	0	0	0
614	57	0	27	0	0	0	0
615	1449	0	0	0	0	0	0
616	33	12	52	0	0	0	0
617	39	15	580	0	1158	0	0
618	37	50	99	80	0	0	0
619	0	0	0	87	0	0	0
620	630	0	0	0	0	0	0
621	105	12	3141	0	0	0	0
622	0	0	0	0	0	0	74
623	0	706224	25	0	52	0	17
624	492	1639	1827	32	1695	0	21
625	36	0	22	485	0	0	0
626	36	0	41	0	20	0	0
627	133	136	665	367	1476	0	239
628	11	0	24	0	0	0	1946
629	19	0	15	0	0	0	0
630	0	0	0	11	0	0	0
631	49	0	97	0	0	0	0
632	38	17	20	0	140	0	0
633	700	0	0	0	0	0	0
634	0	0	26	0	0	0	0
635	0	114	0	0	0	0	198
636	46	0	128	0	0	0	0
637	0	0	104	0	0	0	0
638	0	0	3262	0	0	0	0
639	13	0	0	0	0	0	0
640	27	0	0	0	0	0	0
641	0	0	10	0	969	0	0
642	40	0	0	0	0	0	0
643	0	0	0	0	0	0	0
644	0	0	694	12	0	0	0
645	0	0	42	0	0	0	0
646	0	15	11	0	0	0	0
647	0	0	264	0	0	0	0
648	1543	273	573	0	18	0	16
649	0	0	28	0	0	0	0
650	609	0	3585	2792	46	0	145
651	0	0	62	0	0	0	0
652	0	0	0	0	0	0	65
653	3215	0	1388	0	0	0	24208
654	132	0	298	0	17	0	10
655	0	0	62	0	0	43	0
656	0	16	0	0	0	0	0
657	0	2625	0	0	0	0	0
658	215	444	517	0	6499	0	503
659	89	0	0	0	0	0	0
660	603	0	0	0	0	0	791
661	74	76	271	0	2014	0	200
662	0	0	600	0	0	0	0
663	0	0	53	0	0	0	22
664	0	163	0	0	0	0	0
665	36	0	140	2803	0	0	0
666	26	0	50	0	0	0	99
667	0	0	309	0	66	0	0
668	0	0	53	0	0	0	0
669	0	0	83	0	0	0	0
670	21	0	37	0	202	0	43
671	0	37	165	0	80	0	0
672	0	41	151	0	0	0	46
673	174	0	96	0	0	0	0
674	0	0	0	0	0	0	14
675	0	0	62	0	0	0	0
676	2540	699	3623	931	763	23	174
677	61	0	0	0	0	0	0
678	0	0	0	0	24	0	0
679	48	16	78	0	0	0	84
680	52	207	105	0	788	0	19
681	35	0	131	0	73	0	0
682	108	0	691	0	2557	24	391
683	0	0	122	0	0	0	355
684	0	0	49	0	0	0	0
685	58	0	91	0	0	0	155
686	73422	0	3067	43	10	0	0
687	0	0	47	0	0	0	0
688	45	0	308	0	0	0	955
689	0	0	16	0	0	0	0
690	220	0	0	0	0	0	0
691	0	0	87	0	21	0	771
692	93	0	0	0	0	0	0
693	814	24	769	0	0	0	37
694	122	0	955	0	0	0	144
695	17	1993	15	0	152	0	0
696	675	0	73	0	0	0	19
697	0	0	74	0	0	0	0
698	0	0	429	0	0	0	0
699	0	0	0	0	0	0	0
700	0	0	360	0	0	0	0
701	0	0	38	0	392	35	0
702	1202	559	89	225	0	0	178
703	0	0	358	0	0	0	0
704	0	0	0	0	1531	0	0
705	50	15	135	100	0	0	300
706	0	0	0	0	0	0	33
707	132	0	75	0	20	0	82
708	0	0	179	0	12	0	0
709	0	11	43	0	0	0	0
710	526	1358	201	0	360	0	34
711	0	0	24	0	0	0	0
712	0	0	53	0	0	0	0
713	0	0	216	0	0	0	0
714	0	0	0	0	0	0	47
715	0	0	81	0	9045	0	0
716	18	0	0	0	0	0	0
717	0	0	26	0	0	32	45
718	114	0	0	0	0	0	0
719	0	0	0	0	17	0	0
720	0	0	41	0	0	0	0
721	33	0	20	0	0	0	0
722	293	0	277	0	1522	0	0
723	40	0	333	0	4281	0	0
724	718	0	56	0	0	6669	0
725	38	28	1994	0	1537	15	0
726	0	12	133	0	0	0	0
727	0	0	334	0	0	0	0
728	0	0	32	247	0	0	0
729	0	0	194	0	0	0	0
730	46	0	14	0	0	0	0
731	0	0	0	0	0	0	12
732	213	0	109	0	0	0	47
733	32	0	142	0	0	0	0
734	16	0	63	12	0	0	18
735	5499	0	62	0	35	0	0
736	14	0	11	0	0	0	0
737	0	0	27	0	0	0	0
738	22	0	0	0	0	0	0
739	0	36109	26	396	0	0	0
740	92	0	186	71	0	0	0
741	0	0	26	0	0	0	0
742	0	0	457	0	0	0	0
743	30	0	14	219	0	0	0
744	30	0	82	0	0	0	0
745	21	0	66	0	28	0	0
746	23	0	529	0	0	0	22
747	760	0	2695	42	1872	221	0
748	0	0	137	0	0	0	0
749	11	0	33	0	0	0	0
750	0	0	0	0	0	0	0
751	0	0	154	0	0	0	0
752	0	0	0	0	413	0	0
753	137	0	123	0	0	0	0
754	34	0	0	0	0	0	0
755	674	0	143	0	0	0	118
756	231	39	1564	0	0	10	145
757	28	0	85	0	0	0	0
758	73	77	0	8318	0	0	0
759	12	203	0	430	0	0	0
760	25	0	11	0	0	0	0
761	44	0	24	0	0	0	0
762	0	0	0	0	0	23	163
763	0	0	88	0	0	0	0
764	222	0	290	37	77	0	0
765	110	0	75	0	0	0	33
766	180	0	29	0	0	0	20
767	0	196	0	0	357	0	0
768	10	0	25	0	0	0	29
769	28	0	0	0	0	0	0
770	46	436	99	0	59	0	13
771	0	0	23	0	0	0	0
772	0	0	440	0	0	10	0
773	366	55	591	0	1129	0	12
774	80	0	0	0	0	0	0
775	17	0	0	0	0	0	0
776	0	0	0	0	191	0	0
777	48	0	41	19	0	0	48
778	41	0	409	14	0	0	0
779	0	0	373	394	0	0	0
780	0	0	13	0	0	0	0
781	302	0	99	0	0	0	0
782	17	0	223	0	37	0	0
783	39	0	62	0	0	0	0
784	0	0	194	0	0	0	0
785	16	0	59	0	0	0	0
786	0	0	31	0	0	0	0
787	0	0	44	0	0	0	0
788	0	0	0	246	0	0	0
789	20	0	2384	0	0	15	35
790	70	0	0	0	0	0	0
791	0	0	107	0	0	0	344
792	39	0	345	0	0	27	734
793	0	0	27	0	0	0	0
794	291	0	636	20	320	51	217
795	23	0	0	0	0	0	0
796	0	0	56	0	0	0	0
797	0	0	30	0	0	0	0
798	0	13	160	0	0	0	0
799	0	0	50	16	0	0	0
800	205	0	103	0	0	0	0
801	0	17	119	0	0	0	0
802	26	0	1049	0	0	0	0
803	0	0	0	0	0	0	17467
804	23	0	0	0	0	0	0
805	0	0	86	0	0	0	0
806	0	0	518	0	0	0	0
807	0	0	31	0	0	44	0
808	67	0	0	0	0	0	0
809	66	0	419	385	741	0	21
810	0	0	0	0	0	0	168
811	0	0	0	0	49	0	0
812	10	46	200	16	28	0	17
813	10	0	0	14604	0	0	0
814	70	0	59	0	0	0	0
815	0	0	0	0	14	24	25
816	2963	98	0	0	0	0	0
817	15	37	150	175	0	0	0
818	57	74	120	0	0	0	14
819	29	0	216	0	0	0	0
820	0	314	105	42	55	0	20
821	221	0	0	0	0	0	0
822	181	0	0	0	0	0	0
823	73	0	0	0	0	0	19
824	0	115	24	0	0	0	0
825	219	1026	199	0	0	0	0
826	25	0	118	48	13	0	18
827	416	0	0	0	0	0	0
828	0	0	35	0	0	33	0
829	16	38	52	12	0	0	80
830	21	0	54	0	0	0	0
831	156	0	927	0	0	0	98
832	0	0	28	0	0	0	261
833	0	0	56	0	0	0	0
834	18	0	72	0	0	0	0
835	91	0	85	0	335	0	0
836	0	0	19	0	0	0	0
837	50	0	73	0	0	84	0
838	0	0	0	969	0	0	0
839	0	0	89	0	0	0	0
840	48	0	12	0	0	0	0
841	27	0	0	0	6966	12	0
842	0	908	68	0	0	0	16
843	178	0	42	0	0	0	5497
844	24	0	150	0	0	0	0
845	0	0	141	0	0	0	0
846	0	0	347	0	0	0	0
847	0	0	0	11	0	0	0
848	23	0	0	0	0	0	0
849	691	0	2186	87	0	0	50
850	0	0	41	0	0	0	0
851	0	0	71	0	0	0	0
852	0	0	309	0	0	0	0
853	14	0	1448	0	13	0	0
854	155	0	215	309	11340	0	474
855	0	0	0	50	0	0	0
856	7570	14	0	565	0	0	57
857	0	0	11	0	0	0	0
858	194	0	118	0	1042	0	0
859	55	0	35	13	146	30	798
860	0	0	14	0	0	0	0
861	0	0	18	0	0	0	0
862	615	0	687	162	4238	148	42
863	0	0	229	0	0	0	0
864	0	143	81	0	0	0	0
865	219	0	0	0	0	0	0
866	0	19	140	0	941	0	0
867	233	57	2587	0	8773	12	0
868	175	0	0	0	0	0	40
869	19	0	59	0	0	0	122
870	32	0	28	17	0	0	0
871	4029	0	0	0	0	0	0
872	0	0	0	36	0	0	0
873	84	0	0	0	0	0	60
874	14	0	212	0	0	0	471
875	0	9564	37	253	0	0	0
876	200	106	249	0	745	0	51
877	19	0	189	0	0	0	0
878	541	27	651	0	63	0	47
879	0	0	0	574	0	0	14
880	0	0	227	0	0	0	0
881	53	0	19	0	0	229	0
882	525	0	0	0	0	0	0
883	392	0	911	0	62	0	384
884	22	56	516	0	0	0	0
885	0	0	38	0	0	0	18
886	0	0	40	0	0	0	0
887	97	0	0	0	0	0	0
888	0	0	53	0	0	0	0
889	0	0	0	0	14363	0	0
890	0	0	0	0	77	0	0
891	10	0	13	0	20	0	0
892	14	0	268	0	0	0	0
893	12	0	55	0	0	46	0
894	0	0	30	0	12	0	0
895	0	4001	31	40	0	0	0
896	0	0	22	0	0	0	0
897	0	18	0	0	0	0	0
898	971	0	1751	0	0	0	0
899	0	0	0	0	0	0	16
900	96	0	549	0	110	0	0
901	802	0	114	0	0	0	0
902	16	0	0	0	0	0	0
903	18	0	18	0	0	914	0
904	19	0	267	0	19	0	0
905	643	354	3073	32	164	0	2414
906	0	0	130	0	0	0	0
907	161	0	0	0	0	0	0
908	0	0	22	0	0	0	0
909	0	0	26	0	0	0	0
910	824	24	104	0	50	0	0
911	298	3808	1656	104	0	0	123
912	0	56	0	0	0	0	0
913	643	0	106	664	0	0	249
914	103	0	188	0	0	0	26
915	31	55	1150	20	4302	0	0
916	0	0	0	0	302	0	0
917	0	0	97	0	0	0	52
918	0	0	12	0	0	0	0
919	0	0	228	0	0	0	0
920	46	0	49	0	0	11	0
921	28	0	518	0	0	0	86
922	898	0	0	0	0	0	0
923	178	0	0	0	0	0	0
924	55	251	129	62	57	47	274
925	247	390	464	0	0	0	38
926	998	0	372	880105	82	0	612383
927	0	11	0	0	0	0	0
928	1078	14	54	0	0	0	140
929	0	0	14	0	0	0	0
930	219	0	218	0	0	0	0
931	0	0	54	0	0	0	0
932	32	0	39	0	115	0	13
933	125	0	107	0	0	0	0
934	12	0	36	39	0	0	0
935	78	0	140	0	0	0	0
936	0	0	122	0	0	0	5214
937	19	0	547	0	0	0	0
938	66	223	108	0	0	0	0
939	0	0	0	0	0	0	4225
940	43	0	84	0	40	0	0
941	66	0	434	0	20	0	58
942	306	0	0	0	0	0	0
943	148	0	0	0	0	0	0
944	79	0	123	15	355	10	0
945	21	0	56	0	12	73	0
946	87	0	1138	0	0	0	0
947	35	0	11	0	0	0	0
948	209	0	607	0	0	0	52
949	2904	827	5498	1540	5195	676	4006
950	869	0	4131	0	136	0	0
951	0	193	6663	0	0	0	0
952	0	12	152	51	0	0	0
953	18	0	309	0	0	0	0
954	0	0	93	0	0	0	0
955	34	0	461	0	0	0	0
956	0	0	77	0	0	0	0
957	156	0	258	0	0	0	26
958	0	27	12	0	0	0	528
959	0	0	0	80	0	0	0
960	264	2376	451	0	0	0	0
961	97	100	1146	264	11	70	26
962	0	0	0	15	0	0	17
963	29	0	12	0	0	0	0
964	59	0	83	0	0	0	0
965	191	0	102	0	0	0	0
966	0	16	0	0	0	0	0
967	37	56	148	0	0	0	22
968	44	0	340	159	2365	0	0
969	0	0	0	0	0	0	43
970	2791	0	0	0	0	0	0
971	176	14	87	0	0	0	15
972	314	0	159	17	0	33	28
973	406	0	0	0	0	0	0
974	0	0	64	0	15	0	0
975	25	0	0	0	0	0	0
976	0	0	52	0	0	0	56
977	0	709	59	0	0	0	11
978	18	176	10	0	0	0	0
979	256	24	1027	0	18	0	201
980	0	0	894	0	0	0	0
981	48	0	31	0	0	0	0
982	0	1035	21	0	0	0	0
983	73	0	140	0	0	0	0
984	43	0	45	0	0	0	0
985	10	0	0	0	0	0	10440
986	17	0	0	0	0	0	0
987	397	0	247	0	0	0	0
988	0	0	0	0	34	0	0
989	22	19	382	0	0	0	0
990	0	0	990	0	0	0	0
991	58	0	0	0	0	0	0
992	237	0	148	0	0	0	0
993	0	0	48	0	0	0	43
994	514	0	526	0	12	0	932
995	65	0	168	0	0	0	0
996	17	0	193	0	0	0	0
997	0	0	11	0	0	0	0
998	73	0	29	0	0	0	0
999	17	0	19	0	0	0	0
1000	1399	1531	8674	40	6014	27	1819
1001	0	0	30	0	0	0	0
1002	0	0	76	0	0	0	0
1003	74	0	0	0	0	0	0
1004	26	0	0	0	0	0	0
1005	40	0	1771	0	0	0	21
1006	0	0	761	0	0	0	0
1007	0	0	0	258	0	0	0
1008	0	0	73	0	0	0	0
1009	117	0	274	0	0	0	0
1010	0	998	0	0	0	0	0
1011	44	0	217	0	0	0	0
1012	0	0	0	0	0	116	0
1013	0	0	86	0	0	0	0
1014	10	0	492	0	50	0	1138
1015	33	200	78	0	0	0	215
1016	9636	4332	41412	124	27951	125	7933
1017	0	0	27	0	0	0	0
1018	0	0	0	32	0	0	0
1019	608	0	2726	257	1171	109	0
1020	15	0	0	0	0	0	0
1021	12	0	0	0	0	0	0
1022	339	0	0	0	0	0	0
1023	0	0	13	16	0	0	0
1024	16	0	0	0	0	0	0
1025	0	0	35	0	0	0	111
1026	33	0	0	0	0	0	0
1027	0	0	0	0	0	0	32
1028	12	0	110	0	0	0	183
1029	0	0	88	0	0	0	0
1030	33	0	85	0	0	0	0
1031	207	0	865	10	14	16	24
1032	0	0	66	0	0	0	0
1033	40	21	223	0	0	0	0
1034	0	0	37	0	0	0	0
1035	73	0	126	0	0	0	0
1036	12	0	25	0	0	0	53
1037	308	0	179	0	0	0	0
1038	598	0	1389	162	1303	0	310
1039	0	0	105	0	0	224	0
1040	0	0	25	0	0	0	0
1041	61	28	80	0	165	19	0
1042	0	0	250	0	0	0	0
1043	568	0	99	0	0	0	11
1044	15	0	0	0	0	0	0
1045	486	0	0	0	0	17	0
1046	1293	0	0	0	0	0	0
1047	0	0	113	0	0	0	19
1048	0	0	44	0	0	0	0
1049	0	88	0	0	0	0	739
1050	0	94	173	0	0	0	0
1051	0	0	500	0	0	0	0
1052	40	12	110	21	22	0	0
1053	200	0	31	0	0	0	25
1054	74	0	1704	16	0	0	0
1055	14	0	30	0	0	0	0
1056	0	0	328	0	0	0	0
1057	0	0	24	0	0	0	0
1058	3587	1039	2354	0	50	191	202
1059	0	0	112	0	38	0	0
1060	0	0	0	0	0	1534	0
1061	0	0	21	0	0	0	0
1062	237	0	0	0	0	0	0
1063	134	18	1178	0	0	0	25
1064	10	0	180	0	0	0	0
1065	0	26	0	13	186	0	0
1066	16	0	17	0	0	0	0
1067	12	0	41	0	1037	0	0
1068	264	0	0	0	0	0	0
1069	0	0	78	0	0	0	0
1070	70	31	0	0	182	0	0
1071	0	0	14	0	0	0	0
1072	0	0	21	0	0	0	0
1073	0	0	0	0	0	30	0
1074	0	0	0	0	121	0	0
1075	21	0	41	0	0	0	0
1076	159	21	278	89	0	0	0
1077	0	0	95	0	0	0	0
1078	0	391	0	18	0	0	0
1079	0	0	147	0	704	0	0
1080	0	0	11	0	15	0	0
1081	18	0	410	0	0	0	33
1082	430	17	1272	0	0	0	0
1083	824552	3868	3705	2223	18495	4153	190
1084	536	0	493	16	0	0	72
1085	13	0	40	0	0	0	0
1086	363	0	573	30	0	0	0
1087	0	0	34	0	95	0	0
1088	136	230	2996	87	0	0	0
1089	15	0	1105	0	0	0	0
1090	0	0	19	0	0	0	0
1091	58	114	188	140	419	133	193
1092	24	0	0	0	0	0	0
1093	26	0	31	0	0	0	0
1094	74	0	162	746	0	0	2351
1095	0	0	66	0	0	0	0
1096	44	0	194	0	0	0	16
1097	264	0	639	0	41	10	404
1098	387	0	250	0	410	0	0
1099	16	0	0	0	0	0	0
1100	34	0	54	0	0	0	0
1101	26	0	0	0	0	0	0
1102	230	27	509	16	223	16	82
1103	0	0	0	0	170	0	0
1104	0	0	0	0	244	0	0
1105	43	23	343	0	0	0	0
1106	0	0	46	0	42	0	0
1107	0	37	0	0	0	0	38
1108	0	0	1466	0	1144	0	0
1109	0	0	202	0	0	0	0
1110	36	0	84	0	0	0	117
1111	149	0	643	84	2006	27	1212
1112	1228	0	0	0	0	0	0
1113	0	327	55498	56	0	0	0
1114	13	0	87	0	0	0	1478
1115	53	0	0	0	0	0	36
1116	0	0	96	0	0	0	0
1117	0	49	0	0	0	0	0
1118	18	0	185	0	0	0	0
1119	23	0	133	0	0	0	11
1120	0	525	45	0	0	0	0
1121	0	0	209	0	18	0	0
1122	486	0	0	0	0	0	0
1123	0	0	16	0	0	0	0
1124	0	0	0	0	28	0	379
1125	289	0	68	0	0	0	0
1126	0	0	332	366	0	0	0
1127	0	0	90	0	0	0	0
1128	47	0	0	0	0	0	0
1129	125	0	423	0	0	0	23
1130	766	1791	2810	0	0	20	27
1131	0	0	586	0	0	0	0
1132	485	0	1806	0	88	0	0
1133	0	0	0	0	0	0	629
1134	99	0	76	0	97	199	0
1135	111	0	78	0	519	0	0
1136	78	0	181	0	0	0	0
1137	124	10	371	185	1552	0	0
1138	0	0	0	0	72	0	0
1139	0	0	197	0	0	0	0
1140	0	0	125	0	0	75	15
1141	0	0	53	0	0	0	0
1142	0	0	15	0	0	0	0
1143	8668	0	0	20	0	0	12
1144	22	0	17	0	0	0	22
1145	2225	0	0	0	0	0	0
1146	12	0	0	679	0	0	0
1147	31	0	22	0	0	0	0
1148	0	0	23	0	38	0	0
1149	672	0	393	1409	328	0	55
1150	0	0	31	0	0	0	0
1151	0	0	35	0	6471	0	0
1152	0	0	180	0	0	0	0
1153	560	656	2995	94	0	0	0
1154	0	0	0	0	0	0	46
1155	187	0	419	0	0	0	0
1156	74	0	393	0	751	0	126
1157	0	0	52	0	0	0	0
1158	41	0	47	0	0	0	0
1159	0	422	0	0	0	0	0
1160	1043	0	43	0	717	0	466
1161	191	0	429	0	12	0	275
1162	30	148	44	0	0	0	0
1163	0	10	11	0	0	0	1237
1164	33	0	42	0	16	0	0
1165	11	0	0	0	0	0	0
1166	19	216	25	0	0	0	0
1167	32	0	64	0	0	0	91
1168	120	17	220	0	0	25	147
1169	10	0	0	0	0	0	0
1170	98	0	129	0	0	32	0
1171	101	0	0	0	0	0	0
1172	26	0	559	0	0	0	0
1173	0	0	0	38	0	0	0
1174	21	0	35	0	32	0	22
1175	220	0	1157	0	0	0	84
1176	0	0	12	0	0	0	0
1177	153	0	28	0	0	0	0
1178	0	0	0	0	0	0	678
1179	51	0	352	343	0	0	75
1180	96	0	40	0	0	0	0
1181	23	122	184	104	39	0	100
1182	28	0	111	0	0	0	0
1183	140	1198	386	0	585	0	0
1184	0	0	0	0	85	0	0
1185	31	0	24	0	0	0	0
1186	0	0	117	0	0	0	0
1187	0	23	310	0	0	0	197
1188	198	0	140	0	0	0	0
1189	0	52	0	0	0	0	0
1190	0	10	0	0	0	0	0
1191	22	0	40	0	0	0	0
1192	579	0	451	0	0	0	68
1193	0	0	18	0	0	0	0
1194	256	0	90	0	0	0	0
1195	38	0	204	0	0	0	0
1196	62	0	135	0	0	16	125
1197	0	0	13	0	0	24	0
1198	540	26	34	0	0	0	0
1199	768	16	11	0	16	0	19
1200	0	0	110	47	0	0	23
1201	78	15	247	0	0	0	11126
1202	283	0	0	2265	0	0	0
1203	33	0	109	0	0	0	3346
1204	61	0	105	0	0	0	14180
1205	0	0	154	0	0	0	0
1206	23	0	39	0	0	0	0
1207	23	0	304	903	0	0	439
1208	93	0	160	0	672	0	133
1209	0	0	0	0	0	0	159
1210	88	0	0	0	0	0	0
1211	0	0	0	1334	0	0	0
1212	0	0	437	0	0	0	0
1213	0	0	250	0	0	30	135
1214	0	0	65	0	0	0	0
1215	772	283	752	0	0	0	0
1216	721	0	0	0	0	0	0
1217	176	0	80	0	0	0	0
1218	0	0	0	0	0	0	931
1219	0	0	34	0	0	0	987
1220	823	1304	1644	248	1101	1461	397
1221	233	0	19	0	0	0	120
1222	0	0	22	0	0	0	0
1223	163	26	558	542	0	0	574
1224	0	0	0	25	0	0	12
1225	30	0	216	0	0	0	0
1226	49	0	226	0	0	0	212
1227	0	0	0	0	30	0	74
1228	155	0	390	0	0	0	208
1229	46	0	362	0	0	18	28
1230	0	0	47	0	0	0	0
1231	22	0	44	90	0	0	248
1232	17	0	125	99	15	0	0
1233	0	0	13	0	0	0	65
1234	0	0	0	0	0	0	27
1235	0	0	154	0	0	0	0
1236	0	0	0	0	1849	0	10
1237	682	0	71	0	756	0	20
1238	0	0	86	0	0	0	0
1239	0	0	382	0	0	0	0
1240	181	0	40	0	0	0	0
1241	0	485	0	0	0	0	0
1242	2589	0	1982	9143	984	0	333
1243	0	0	27	0	0	0	0
1244	0	14	16	0	0	0	0
1245	167	0	31	2424	0	0	20
1246	0	0	20	0	0	0	0
1247	386	10	731	0	134	0	17533
1248	0	0	13	0	0	0	0
1249	17	0	499	0	0	0	0
1250	12	425	24	0	0	0	20
1251	116	0	0	0	0	0	0
1252	0	0	0	0	429	0	0
1253	19	0	0	0	0	0	0
1254	0	0	0	0	1880	0	0
1255	0	58	52	0	0	0	0
1256	0	0	0	0	19	15	0
1257	54	0	80	0	3804	0	0
1258	162	41948	505	0	0	0	26
1259	0	0	0	0	0	0	13
1260	0	0	63	0	72	0	0
1261	3884	0	0	0	0	0	0
1262	118	13	53	0	0	0	0
1263	88	0	137	0	0	0	0
1264	146	0	231	0	0	0	46
1265	0	0	256	0	49	0	0
1266	0	0	0	0	70	0	38
1267	34	0	0	0	0	0	0
1268	273	0	92	0	0	0	0
1269	0	0	0	0	0	0	19
1270	0	0	38	0	0	22	0
1271	0	0	22	0	0	0	0
1272	0	0	117	0	0	0	0
1273	16	0	880	0	0	0	0
1274	0	0	0	0	14	0	0
1275	215	0	113	0	116	70	15404
1276	12	0	222	0	0	159	0
1277	66	0	0	0	0	0	0
1278	0	0	0	0	1095	0	0
1279	0	0	17	0	0	0	0
1280	12176	1486	27992	15816	39646	2198	33280
1281	0	358	0	0	0	0	0
1282	0	0	31	0	0	0	0
1283	0	0	20	0	0	0	0
1284	72	0	194	0	0	0	20
1285	0	0	0	0	0	0	18
1286	0	0	43	0	0	0	0
1287	83	0	91	0	0	0	0
1288	0	0	302	21	34962	0	0
1289	664	0	615	0	0	0	0
1290	0	0	70	0	0	0	0
1291	0	0	87	0	0	0	0
1292	24	0	0	0	0	0	0
1293	75	0	271	432	0	0	0
1294	0	0	17	0	0	0	17
1295	114	0	124	125	0	0	104
1296	180	0	0	0	0	0	0
1297	0	68	155	0	0	0	0
1298	10	0	410	0	3587	0	0
1299	370	0	90	0	129	0	923
1300	0	0	15	0	0	0	0
1301	31	0	0	0	0	0	0
1302	0	0	12	0	0	0	0
1303	31	0	0	0	0	0	0
1304	0	0	0	11	0	0	0
1305	14	0	0	0	0	0	0
1306	0	0	42	0	0	0	0
1307	100	0	339	0	0	65	0
1308	23	0	158	0	0	0	0
1309	26	0	0	0	17	0	0
1310	0	0	141	0	0	0	0
1311	153	0	845	320	0	0	0
1312	291	0	1971	0	5711	0	10543
1313	0	0	399	0	0	0	0
1314	293	23	137	0	13	0	0
1315	0	75	0	0	0	0	0
1316	18	0	0	0	0	0	0
1317	1203	0	10	0	0	0	0
1318	37	0	314	0	0	0	0
1319	0	0	0	60	0	0	0
1320	167	0	0	0	0	0	0
1321	0	0	143	0	0	0	0
1322	0	0	0	457	20	0	128
1323	71	0	0	127389	0	0	0
1324	26	0	10	414	0	0	0
1325	701	0	3585	0	377	0	4003
1326	8505	1467	5234	0	0	0	10309
1327	26	0	49	394	0	0	0
1328	19	0	47	0	0	0	0
1329	20	0	68	0	0	159	0
1330	0	0	0	1368	0	0	0
1331	0	0	986	45	0	0	0
1332	0	0	66	0	28	0	10
1333	15	0	90	0	0	0	0
1334	46	78	192	0	0	0	85
1335	219	0	400	0	21	462	166
1336	0	0	0	0	13	0	0
1337	0	0	21	21	0	0	0
1338	0	0	22	0	0	0	61
1339	35	0	2348	0	23	0	0
1340	3005	18	0	0	0	0	0
1341	11	0	594	0	49	0	0
1342	0	0	0	0	0	0	465
1343	72	22	257	0	1947	0	76
1344	108	0	121	0	0	0	0
1345	60	0	157	0	0	0	40
1346	14	0	116	0	0	0	0
1347	69789	61117	203081	2725	605608	29	15112
1348	0	0	12	0	0	0	0
1349	131	0	17	0	0	0	0
1350	24	0	0	0	0	0	0
1351	243	0	36	0	448	0	0
1352	533	38	826	1523	4720	108	147
1353	0	0	72	0	0	0	0
1354	0	0	11	0	0	0	0
1355	0	0	94	0	41	0	245
1356	64	0	40	0	0	0	0
1357	1335	0	0	0	0	0	0
1358	0	0	0	0	0	0	51
1359	133	0	350	0	0	0	0
1360	190	0	77	0	521	23	0
1361	0	19	44	0	0	0	528
1362	0	0	10	0	0	0	0
1363	14	0	50	0	0	0	0
1364	0	0	26	0	0	0	39
1365	0	0	694	0	0	0	10
1366	25	0	375	0	0	0	0
1367	349	0	115	0	0	0	0
1368	0	0	44	0	21	0	0
1369	0	12	1187	135	5213	0	27
1370	54	0	13	0	0	0	0
1371	0	0	0	0	3269	0	0
1372	41	0	173	0	0	0	0
1373	293	0	0	0	0	0	0
1374	0	0	1530	21	0	0	0
1375	35	0	906	0	1386	0	216
1376	662	0	1932	0	1609	0	59
1377	187	0	0	0	0	0	0
1378	0	0	245	0	0	0	0
1379	0	0	48	0	0	0	0
1380	108	0	0	0	0	0	24
1381	35	0	57	0	0	0	49
1382	12	0	32	0	0	0	0
1383	1151	242	3017	1518	18881	153	3391
1384	79	0	0	0	0	0	0
1385	123	0	0	0	0	0	0
1386	99	0	22	80	189	0	0
1387	0	993	0	0	0	0	0
1388	1015	0	1922	179	0	0	188
1389	341	1585	926	75	302	0	5687
1390	0	0	0	0	6804	0	0
1391	0	0	0	39	0	0	0
1392	0	0	320	46	0	0	0
1393	0	0	109	0	0	0	0
1394	0	0	15	0	0	0	0
1395	38	0	0	0	0	0	0
1396	4599	0	24	0	0	12	0
1397	185	0	0	0	0	0	0
1398	0	0	0	0	341	0	0
1399	50	132	102	0	0	0	0
1400	35	0	0	0	0	12	0
1401	259	0	2831	26	33	0	46
1402	32	0	32	0	19	0	0
1403	889	57380	4457	21	0	0	77
1404	16	0	60	0	0	0	0
1405	355	0	147	157	275	0	26
1406	59	12	633	445	28	0	52
1407	179	0	19	0	0	0	0
1408	98	203	116	0	0	0	25
1409	31	0	26	0	0	0	0
1410	172	32	0	0	0	0	0
1411	453	0	0	0	0	0	0
1412	281	0	95	0	0	0	0
1413	38	0	0	0	412	0	0
1414	0	0	34	0	50	0	139071
1415	0	11	121	0	0	0	0
1416	0	0	375	0	0	0	0
1417	218	0	268	18	15714	34	0
1418	0	0	75	0	0	0	0
1419	765	387	322630	392152	6547	2011	3279
1420	63	0	20	0	0	0	16
1421	1522	394	12875	731	89	0	0
1422	30	0	269	12	23	0	48
1423	375	0	0	0	0	0	0
1424	0	0	98	0	0	0	0
1425	0	0	27	0	0	0	22
1426	89	0	878	0	0	0	0
1427	0	0	983	0	0	0	0
1428	0	0	0	0	0	0	220
1429	82	0	766	200	0	0	59
1430	0	0	0	0	0	0	23
1431	0	0	29	0	0	0	0
1432	77069	4741346	324	2311592	576325	47927	1932954
1433	427	0	211	0	0	0	20
1434	63	0	121	4630	1829	0	30
1435	40	0	41	0	102	0	80
1436	0	0	0	43	0	0	0
1437	60	196	334	0	0	0	0
1438	87	0	0	0	23	0	0
1439	0	0	24	0	0	0	0
1440	106	13	289	0	47	0	0
1441	204	0	0	0	0	0	0
1442	112	0	224	0	75	0	0
1443	922	20	0	0	0	0	0
1444	0	0	0	0	0	0	59
1445	0	0	108	0	98	0	0
1446	56	0	79	0	0	0	0
1447	60	0	0	0	330	0	0
1448	0	16	0	0	0	0	0
1449	0	0	0	0	0	85	0
1450	557	0	101	17	35	0	0
1451	0	0	52	0	0	0	0
1452	73	229	0	0	0	0	0
1453	192	842	434	0	0	0	0
1454	234	31	139	0	0	0	58
1455	276	0	932	0	0	0	0
1456	91	0	31	0	138	0	0
1457	14	377	172	0	0	0	0
1458	0	0	90	0	0	0	0
1459	13	533	75	0	0	0	0
1460	0	0	48	0	0	0	0
1461	15	0	215	0	10	0	0
1462	41	16	122	87	0	0	0
1463	99	0	0	0	0	0	4838
1464	29	0	24	0	0	0	0
1465	27	0	288	0	0	0	0
1466	0	0	266	0	0	0	0
1467	101	0	186	0	0	0	0
1468	0	0	14	0	0	0	0
1469	106	0	0	22	0	0	45
1470	17	16	32	0	0	0	0
1471	624	20	594	31	14	0	233
1472	0	0	28	0	0	0	0
1473	179	0	60	0	0	0	163
1474	31	0	12	0	0	0	21
1475	1568	0	5047	51	319	12	227
1476	11	0	0	0	0	0	0
1477	22	0	43	0	0	0	0
1478	0	0	10	0	0	0	0
1479	5132	0	0	250	0	0	0
1480	0	0	69	18	99	0	0
1481	30	0	0	0	0	0	0
1482	53495	15072	3926	26284	24255	1160	266764
1483	43	0	83	0	17	0	0
1484	0	0	0	0	0	16	0
1485	225	0	0	0	0	0	0
1486	103	0	195	0	0	0	0
1487	0	0	0	147	40	0	31
1488	0	0	141	0	0	0	0
1489	29	50	102	0	0	0	0
1490	14	0	0	0	0	0	0
1491	82	0	36	0	0	0	0
1492	45	21	405	12	13	0	37
1493	80	0	0	0	0	0	0
1494	0	0	79	0	0	0	0
1495	47	0	1880	0	0	0	0
1496	104	0	40	0	0	0	0
1497	0	0	24	0	0	0	0
1498	0	0	0	51	0	0	0
1499	32	0	45	0	0	0	0
1500	0	0	0	0	12	0	0
1501	211	0	0	0	0	0	0
1502	207	0	973	0	0	0	1132
1503	0	16	121	0	0	0	0
1504	0	0	0	0	0	10246	0
1505	84	11	0	0	0	0	0
1506	131	118	72	0	0	0	19
1507	0	0	98	0	0	0	0
1508	26	0	16	0	0	0	0
1509	0	0	20	0	0	0	0
1510	0	0	180	0	0	0	0
1511	0	28	116	0	0	0	0
1512	131	47	26	0	0	0	56
1513	499	0	171	0	0	0	278
1514	1428	0	229	259	0	0	0
1515	39	0	863	10	0	0	0
1516	104	0	0	29	0	0	0
1517	0	0	11	0	0	0	0
1518	21	0	1361	0	837	0	22
1519	20	0	938	0	0	0	0
1520	0	30	0	0	0	0	0
1521	285	252	2362	0	20	0	0
1522	0	0	12	0	0	0	0
1523	35	0	101	0	0	0	31
1524	65	0	55	0	0	0	0
1525	0	0	0	47	0	0	0
1526	1970	0	0	205	0	0	468
1527	98	0	0	202	0	0	0
1528	3881	0	0	0	0	0	15
1529	0	0	0	0	0	29	0
1530	64	0	297	0	0	0	83
1531	0	0	0	0	0	0	19
1532	0	0	60	0	58	0	0
1533	181	0	22	0	0	0	0
1534	0	0	0	0	0	0	66
1535	0	0	156	0	0	0	0
1536	363	49	548	27	0	0	0
1537	0	0	108	0	0	0	0
1538	97	0	0	7730	0	0	0
1539	0	0	15	0	0	0	0
1540	0	0	56	0	0	0	15
1541	63	0	0	442	0	0	0
1542	0	1373	111	17	0	0	0
1543	42	0	0	44	0	0	0
1544	23	0	1714	0	0	0	129
1545	0	0	292	0	0	0	0
1546	0	0	45	0	0	0	0
1547	0	0	16	18	0	0	0
1548	126	0	101	0	0	0	0
1549	0	0	0	370	0	0	0
1550	30	579	319	0	0	0	17
1551	127	0	126	0	0	0	0
1552	573	0	56	86	0	0	0
1553	102	1122	157	0	0	0	0
1554	0	0	32	0	0	0	0
1555	0	0	12	0	0	0	0
1556	0	0	43	0	0	0	0
1557	288	0	498	0	0	0	0
1558	4013	4142	4137	765	4850	31	1788
1559	0	0	0	22	199	0	0
1560	20	354	351	21	0	0	0
1561	784	0	88	0	0	0	0
1562	1099	20	2498	2955	26	60	214
1563	22	0	0	0	0	0	0
1564	57	0	28	16	0	0	0
1565	21	0	296	0	0	0	31
1566	449	0	0	0	0	0	0
1567	0	0	69	0	0	10150	0
1568	27	10	34	0	0	0	0
1569	0	0	27	0	0	0	85
1570	89	0	10	25	0	0	0
1571	12	0	405	0	0	0	39
1572	32	0	91	0	0	0	0
1573	0	10	0	0	0	0	0
1574	0	0	59	0	0	209	0
1575	11	0	11	0	0	0	0
1576	0	0	0	338	0	0	0
1577	0	0	197	0	0	0	0
1578	153	0	297	0	0	0	0
1579	360	0	264	39	0	0	601
1580	15	18	55	0	0	0	0
1581	0	0	10	0	0	0	0
1582	89	525	2830	0	0	0	31
1583	0	0	1230	0	0	0	0
1584	0	0	0	0	0	18	154
1585	210	0	54	0	0	0	0
1586	26	0	0	0	0	14	0
1587	143	0	10	0	0	0	18
1588	32	0	43	0	0	0	0
1589	482	0	400	56	46	0	162
1590	0	0	0	0	4105	0	0
1591	151	0	246	0	40	0	506
1592	21	0	30	48	0	0	0
1593	48	103	252	0	138	0	71
1594	129	0	25	0	0	0	0
1595	14	32	0	0	0	0	0
1596	0	23	32	0	0	0	0
1597	20	0	38	0	0	0	0
1598	116	0	971	0	141	0	0
1599	106	0	228	0	55	0	0
1600	41	122	22	0	0	0	325
1601	44	0	198	0	0	0	0
1602	0	0	10	0	0	0	0
1603	6436	1079	15309	311	12066	1045	7216
1604	0	0	487	0	0	0	0
1605	0	0	194	0	0	0	0
1606	101	30	219	0	0	0	0
1607	392	0	0	0	0	0	0
1608	152	0	128	0	558	0	0
1609	507	0	29	0	0	0	137
1610	0	0	1461	0	0	0	0
1611	16	0	825	0	0	0	0
1612	386	17855	33	0	0	0	0
1613	1064	0	499	0	0	0	0
1614	32	0	51	0	0	0	0
1615	49	0	0	25	0	0	0
1616	28	0	60	0	14	0	0
1617	0	0	69	0	0	0	0
1618	2426	0	166	0	0	0	0
1619	88	0	0	0	0	0	0
1620	0	0	18	0	0	0	34
1621	0	0	26	0	0	0	0
1622	13	0	0	0	0	0	0
1623	0	17	44	17	42	72	0
1624	64	0	0	0	0	0	0
1625	851	16	0	0	0	0	0
1626	390	5661	1624	0	11130	0	70
1627	69	0	18	0	0	0	0
1628	197	14	3667	0	229	12	24
1629	0	0	0	0	0	0	0
1630	0	0	0	0	0	0	0
1631	547	0	0	0	1476	0	0
1632	0	0	0	746	0	0	0
1633	0	0	0	0	2198	0	0
1634	92	64	222	0	32	0	0
1635	0	0	14	0	0	0	0
1636	2778	1077	9195	1788	9517	547	41619
1637	0	0	1921	0	0	0	0
1638	0	0	0	21	0	0	0
1639	670	0	0	682	0	0	0
1640	22	0	0	0	0	0	0
1641	22	0	0	0	0	0	0
1642	23	0	41	0	0	0	0
1643	1560	642	7812	49	32878	72	3045
1644	346	67	1515	0	2152	0	363
1645	0	0	52	0	0	0	0
1646	0	271	0	0	0	0	0
1647	0	0	34	0	0	0	166
1648	174	0	68	0	63	0	16
1649	0	23	0	0	0	0	0
1650	51	40	175	0	3338	0	0
1651	0	0	74	0	0	0	0
1652	0	0	0	0	0	0	138
1653	0	0	60	67	0	0	0
1654	417	0	0	0	0	0	0
1655	94	0	11	0	0	15	0
1656	0	0	27	0	0	0	0
1657	0	0	0	0	1670	0	0
1658	0	0	164	0	0	0	0
1659	65	0	21	0	0	0	0
1660	196	16	331	0	0	0	0
1661	0	3202	0	0	0	0	0
1662	535	0	712	60	0	14	289
1663	0	0	0	0	0	0	0
1664	0	0	96	0	0	0	0
1665	313	432	1450	815	1483	274	8601
1666	98	0	1393	0	0	0	0
1667	41	0	224	40	44	0	14
1668	54	0	0	0	0	0	0
1669	0	0	23	0	0	0	0
1670	183	84	384	171	2534	0	15
1671	0	0	102	0	0	0	0
1672	0	0	0	2176	0	0	0
1673	12	0	10	0	0	0	13
1674	0	0	91	0	0	0	0
1675	0	0	312	0	155	0	0
1676	45	0	32	0	0	0	0
1677	0	0	0	0	181	0	0
1678	142	13	356	0	179	10	345
1679	0	0	30	0	325	0	0
1680	407	18	0	0	41	0	0
1681	18	0	17	0	0	0	0
1682	0	0	284	40	0	0	0
1683	140	677	230	22	0	0	0
1684	29101	12742	19183	357	0	0	1970
1685	21	0	62	0	0	0	0
1686	0	0	0	0	47	0	0
1687	127	0	159	1432	20	0	47
1688	69	0	145	0	12	0	0
1689	0	0	847	0	0	0	23
1690	53	0	51	0	0	0	0
1691	0	52	271	0	0	0	0
1692	0	0	33	330	0	0	0
1693	253	0	99	20	0	0	0
1694	160	0	134	0	1325	0	0
1695	98	0	272	50	0	0	0
1696	274	0	129	0	36	0	0
1697	80	0	141	0	0	0	0
1698	0	0	92	0	0	0	0
1699	42	0	203	0	0	49	205
1700	29	0	0	0	0	0	0
1701	16	0	178	1086	0	0	61
1702	0	0	34	0	0	0	0
1703	0	0	0	0	23	0	0
1704	16	0	19	0	0	0	0
1705	133	0	161	0	27	0	0
1706	24	0	288	18	13	0	219
1707	0	0	31	0	0	0	35
1708	2246	0	0	11	0	0	0
1709	3118	652788	8549	551714	3378	296	410943
1710	0	59	18	0	0	0	0
1711	0	35	30	0	13	0	0
1712	38	0	28	0	0	0	20823
1713	0	0	16	0	0	0	0
1714	17	0	78	4295	0	0	172
1715	0	0	97	0	0	0	0
1716	0	0	12	0	0	0	0
1717	0	0	38	0	0	0	101
1718	0	0	0	0	98	0	0
1719	531	0	0	0	0	0	0
1720	10	0	0	0	0	0	0
1721	0	0	10	0	0	0	0
1722	0	0	0	0	0	0	12197
1723	0	0	69	0	25	0	0
1724	93	47	17	0	0	0	0
1725	82	0	0	0	0	0	0
1726	0	0	248	19	1196	0	751
1727	0	0	18	0	17	0	4750
1728	0	0	208	0	0	0	0
1729	407	35688	2840	4174	0	0	105
1730	22	0	0	0	0	0	0
1731	8396	91	2270	165	52	0	1514
1732	74	0	17	0	0	0	0
1733	0	0	71	0	0	0	0
1734	216	0	1155	15	14	36	455
1735	0	0	96	235	0	0	0
1736	26	0	107	0	0	18	0
1737	526	0	38	113	0	0	0
1738	107	103	0	0	0	0	0
1739	0	34	0	0	0	0	0
1740	21	0	0	0	0	0	0
1741	0	0	164	0	3312	0	0
1742	0	197	0	0	0	0	0
1743	0	0	0	0	0	0	15
1744	0	0	156	0	0	0	0
1745	45	0	0	0	0	0	0
1746	0	0	344	0	0	0	0
1747	0	0	31	0	0	0	0
1748	0	0	0	0	0	0	0
1749	0	0	994	0	72	0	0
1750	39	0	0	0	0	0	0
1751	0	33	0	0	64	0	28
1752	0	23	47	0	167	0	0
1753	0	0	404	0	0	0	0
1754	0	0	27	0	0	0	0
1755	0	0	173	15	0	0	0
1756	27	612436	179	0	0	0	0
1757	0	0	0	0	69	0	0
1758	0	0	0	0	0	40	0
1759	20	562	405	0	1207	0	29
1760	129	0	18	0	0	0	0
1761	0	0	0	0	121	0	0
1762	382	0	0	0	0	0	0
1763	0	0	0	0	54	0	0
1764	252	27544	330	104	0	0	40
1765	16	0	131	75	0	0	0
1766	1086	0	107	0	0	0	0
1767	13	0	15	0	0	0	0
1768	343	0	0	72	0	0	0
1769	635	0	473	0	0	0	0
1770	0	0	51	0	0	0	25
1771	0	0	49	0	0	0	0
1772	146	0	0	0	55	0	0
1773	13	1297	0	0	0	0	0
1774	0	0	39	0	0	0	0
1775	0	0	42	0	0	0	469
1776	0	0	65	0	0	0	0
1777	25	0	0	0	0	0	0
1778	1219	37	946	0	306	0	514
1779	62	0	34	0	0	0	0
1780	36	0	106	0	0	268	12
1781	119	0	20	2501	0	0	489
1782	0	0	1417	0	0	0	0
1783	24	0	0	0	0	0	0
1784	0	0	264	0	0	0	0
1785	23	0	350	0	0	0	0
1786	0	0	0	0	0	0	89
1787	0	0	0	0	0	55	0
1788	288	0	58	0	0	0	0
1789	159	0	310	0	114	0	42
1790	193	0	468	0	0	0	0
1791	352	0	695	20	0	0	0
1792	0	0	0	0	52	0	0
1793	11	0	21	0	0	0	0
1794	196	0	319	0	0	0	0
1795	0	0	31	0	0	0	0
1796	176	0	0	0	0	0	0
1797	0	0	0	0	0	0	32
1798	783	0	1931	0	0	0	19
1799	307	68	1606	3249	1839	619	4035
1800	0	0	24	0	0	0	0
1801	0	0	0	12	0	0	0
1802	24	0	22	0	0	0	0
1803	20	0	0	0	0	0	0
1804	0	16	33	0	0	0	0
1805	0	0	0	0	30	0	0
1806	109	185	161	0	27	0	0
1807	758	0	14	0	0	0	10
1808	0	0	132	0	0	0	0
1809	174	0	0	0	0	0	0
1810	143	13	486	0	0	0	0
1811	0	0	46	0	10	0	0
1812	78	18	191	54	16	0	45
1813	0	0	132	0	0	0	0
1814	1821	16698	0	329	0	0	0
1815	0	0	378	0	0	0	0
1816	34	0	49	0	0	0	59
1817	0	0	129	0	0	0	0
1818	0	0	358	0	179	0	39
1819	15	0	75	0	0	0	0
1820	0	0	0	0	0	0	0
1821	27	0	248	0	0	0	58
1822	14	0	117	0	0	0	0
1823	115	1382	880	0	0	0	0
1824	21	0	0	0	0	0	0
1825	21	0	0	0	0	0	0
1826	0	0	99	258	0	0	3338
1827	1419	0	0	0	0	35	647
1828	75	0	108	0	0	0	0
1829	0	0	38	0	0	0	0
1830	349	0	1069	0	0	0	141
1831	0	0	0	0	0	0	0
1832	0	0	0	0	0	0	285
1833	0	0	0	0	107	0	0
1834	12	56	0	0	0	0	0
1835	1892	0	0	0	0	0	0
1836	688	0	0	385	0	0	0
1837	27	0	21	0	0	0	0
1838	400	0	375	17	0	0	55
1839	82	17	292	0	13	0	0
1840	30	0	0	0	0	0	0
1841	328	23	1183	0	837	133	0
1842	14	0	224	48	270	0	0
1843	345	305	898	0	686	0	0
1844	0	0	76	0	0	0	0
1845	140	0	229	0	0	0	0
1846	0	0	431	0	0	0	0
1847	46	0	367	0	0	0	12
1848	0	0	0	28	0	0	0
1849	74	10	182	0	0	0	26
1850	58	0	72	0	0	0	0
1851	0	0	110	0	0	0	0
1852	0	0	0	0	0	131	0
1853	366	0	127	0	0	0	56
1854	155	0	314	1275	0	0	0
1855	0	61	0	0	0	0	0
1856	69	0	927	33	0	0	41
1857	83	11	214	23	0	0	16
1858	49	0	150	0	0	0	30
1859	37	0	2308	0	0	0	0
1860	0	0	168	0	0	0	0
1861	0	0	0	0	0	27	0
1862	0	0	37	0	0	0	0
1863	1553	0	542	44	292	0	52
1864	597	0	311	0	20	0	65608
1865	10	0	0	0	0	0	0
1866	0	0	171	0	0	0	104
1867	0	0	387	0	0	0	0
1868	0	0	123	0	0	0	0
1869	0	0	0	18	0	0	46
1870	0	0	12	0	0	0	0
1871	0	0	2385	0	0	0	0
1872	83	0	1084	0	355	0	0
1873	0	0	46	0	0	0	0
1874	0	13	433	92	0	0	0
1875	5902	2676	5859	353	14691	530	1587
1876	300	0	0	0	0	0	0
1877	0	0	19	0	0	0	0
1878	274	15	106	0	0	0	0
1879	0	32	0	0	0	0	0
1880	0	102	0	0	0	0	0
1881	0	0	99	0	0	0	0
1882	228	0	70	0	0	0	62
1883	0	0	12	0	19	0	0
1884	1555	0	59	0	0	0	43
1885	489	0	98	0	0	0	0
1886	20	0	0	0	0	0	0
1887	193	0	105	0	0	31	2074
1888	0	746	0	0	0	0	0
1889	26	0	196	564	0	0	41
1890	48	0	0	0	0	0	0
1891	0	0	77	0	0	0	0
1892	0	0	220	0	0	0	558
1893	0	0	19	0	0	0	0
1894	155	0	383	34	0	0	0
1895	0	0	0	508	0	0	13
1896	0	0	53	0	0	0	0
1897	0	0	23	0	0	0	35
1898	1529	108	3974	0	1904	0	14
1899	499	0	2299	2895	41	0	0
1900	0	0	15	0	0	0	0
1901	27	0	218	39	0	0	106
1902	366	0	107	0	0	0	0
1903	11	0	0	0	0	0	0
1904	0	0	29	0	0	12	11
1905	0	0	0	978	0	0	0
1906	31	0	11	0	0	82	0
1907	0	0	0	109	0	0	0
1908	61	0	68	0	0	0	0
1909	0	0	128	313	0	0	0
1910	0	0	0	0	0	0	56
1911	0	0	50	0	0	0	0
1912	36330	0	208	26	0	0	0
1913	18	0	69	0	1435	0	0
1914	209	0	0	0	11	0	0
1915	64	0	0	0	0	0	0
1916	103	0	29	18	0	0	0
1917	0	0	0	0	13218	0	0
1918	41	0	215	0	0	0	13
1919	27	0	36	0	0	0	0
1920	61	0	690	135	9109	0	0
1921	0	0	0	0	0	0	0
1922	0	0	26	0	0	0	0
1923	49	0	548	0	0	0	0
1924	102	0	0	837	0	0	0
1925	14	0	0	0	0	0	0
1926	0	0	145	0	0	0	0
1927	304	0	159	56	48	32	0
1928	0	0	41	0	499	0	77
1929	0	0	49	0	459	0	0
1930	0	0	0	0	0	0	69
1931	0	0	0	26	0	0	0
1932	0	0	0	990	0	0	0
1933	394	30	182	111	15	153	0
1934	70	0	24	0	0	0	0
1935	137	0	0	0	0	0	0
1936	0	14	0	0	0	0	0
1937	0	157	81	0	0	0	0
1938	0	0	85	0	0	0	54
1939	1484	0	0	0	0	0	504
1940	25	0	16	0	0	0	0
1941	0	10	0	0	0	0	0
1942	0	0	11	0	0	0	0
1943	0	0	83	0	93	0	359
1944	0	0	25	0	0	0	0
1945	82	0	134	0	0	0	0
1946	161	45	94	0	79	0	0
1947	81	0	536	0	0	0	0
1948	0	0	10	0	0	0	0
1949	0	0	67	0	0	0	0
1950	0	0	169	0	542	0	0
1951	0	0	1679	0	0	0	0
1952	0	0	36	0	0	0	26
1953	76	0	26	0	0	0	0
1954	0	0	0	0	1691	0	0
1955	0	0	328	0	0	0	0
1956	111	0	174	0	0	0	0
1957	0	0	0	0	0	0	212
1958	0	0	23	0	0	90	0
1959	0	185	48	0	0	0	0
1960	0	0	71	0	0	0	0
1961	26	0	146	0	0	0	0
1962	1533	11	402	0	0	26	0
1963	92	0	305	0	0	0	0
1964	0	0	45	0	0	0	0
1965	0	0	28	0	0	0	0
1966	0	0	0	0	23	0	0
1967	317	0	156	0	0	0	0
1968	84	0	504	0	0	0	0
1969	42	0	1556	0	0	0	0
1970	41	0	1037	0	533	0	0
1971	146	0	0	0	0	0	0
1972	171	0	395	0	0	0	0
1973	146	0	0	0	0	0	0
1974	0	0	17	0	0	0	0
1975	0	0	64	0	0	0	0
1976	0	0	33	0	0	48	10
1977	0	0	76	0	0	0	0
1978	276	0	420	239	2928	21	21
1979	0	0	0	0	0	115	0
1980	0	25	0	0	0	0	0
1981	1019	190	286	0	263	0	50
1982	0	0	15	0	0	0	0
1983	0	0	122	0	874	0	0
1984	13	0	21	0	0	0	0
1985	0	0	2228	0	0	20	18
1986	45	0	84	0	0	0	0
1987	0	0	75	0	0	0	0
1988	0	0	108	0	0	0	0
1989	77	0	35	0	0	0	0
1990	0	0	188	0	96	0	29
1991	192	0	114	0	0	0	0
1992	0	0	33	0	0	0	0
1993	282	0	516	0	0	0	0
1994	4815	0	7411	634	798	0	6193
1995	5031	0	133	0	0	0	0
1996	0	354	0	0	0	0	0
1997	11	0	158	0	0	0	0
1998	0	0	72	0	4855	0	0
1999	13	0	199	0	0	0	0
2000	0	0	300	0	0	0	0
2001	0	0	0	0	0	0	15
2002	0	0	125	0	0	0	0
2003	27	0	94	235	875	0	0
2004	199	0	20	0	0	0	0
2005	0	0	19	0	0	0	0
2006	32	0	132	0	5931	0	0
2007	125	0	0	46	0	0	0
2008	763	0	0	0	2076	0	0
2009	211	0	0	374	0	0	0
2010	83	0	0	0	0	0	166
2011	1784	0	394	0	0	0	0
2012	202	0	48	0	0	0	0
2013	43	0	389	0	315	175	0
2014	123	0	77	14	13	0	14
2015	201	12	605	0	60	0	0
2016	1840	0	0	76	0	0	0
2017	0	0	16	0	0	0	0
2018	0	0	0	0	21	0	0
2019	104	0	0	0	0	0	0
2020	80	0	0	0	0	0	0
2021	93	0	64	0	0	0	0
2022	208	0	0	12	83	0	0
2023	37	0	203	0	0	0	0
2024	36	0	451	0	0	0	73
2025	227	1644	1096	80	0	0	167
2026	458	216	134	0	0	0	0
2027	12	0	10	0	0	0	0
2028	8210	6655	11044	0	1245	14	0
2029	35	0	39	0	2473	415	0
2030	94	0	31	0	0	0	0
2031	124	10	110	0	1321	0	16
2032	145	0	0	0	0	0	0
2033	0	0	11	0	0	0	0
2034	33	0	100	0	0	0	0
2035	52	0	307	42	383	11	220
2036	27	0	867	0	0	0	2035
2037	341	0	413	14	72	0	23
2038	0	50	0	3605	73	0	0
2039	0	0	11	206	0	0	0
2040	76	0	79	0	0	158	0
2041	0	0	0	0	0	0	13
2042	83	0	26	0	0	0	0
2043	10	0	0	0	0	0	269
2044	104	0	0	0	0	0	0
2045	0	40	422	0	0	0	0
2046	0	0	100	0	0	0	0
2047	31	0	30	0	0	0	0
2048	78	0	0	0	0	0	0
2049	52	0	166	28	0	0	0
2050	6196	93993	11347	26	6585	29	316
2051	129	22	1338	0	596	0	0
2052	80	0	394	0	0	0	0
2053	0	0	62	0	0	0	0
2054	0	0	24	0	0	0	0
2055	0	0	106	0	0	0	67
2056	2775	681	5413	935	3139	0	2092
2057	33	0	317	0	0	0	0
2058	331	0	227	0	285	0	19541
2059	446	0	101	0	0	0	0
2060	0	0	97	0	0	0	0
2061	44	0	0	0	0	0	0
2062	22	0	0	0	0	0	11
2063	0	0	0	0	193	0	0
2064	155	0	0	0	0	0	0
2065	0	309	0	0	0	0	0
2066	40	21	187	181	36	0	59
2067	13	0	58	0	0	0	18889
2068	0	0	159	0	0	0	0
2069	404	0	0	0	0	0	0
2070	0	0	120	0	0	0	0
2071	0	0	77	0	0	0	0
2072	55	0	86	0	0	0	37
2073	0	0	0	0	0	103	0
2074	30	0	0	0	0	0	0
2075	0	0	23	0	0	0	0
2076	84	0	932	0	63	0	966
2077	3529	146	9945	17334	23595	64	3932
2078	47	0	65	0	0	0	0
2079	0	0	0	0	14178	0	0
2080	0	0	0	0	0	0	70
2081	0	0	16	28	0	0	0
2082	0	0	0	0	0	144	0
2083	523	176	1009	2008	0	0	41
2084	481	0	56	1219	12	0	36
2085	0	303	0	0	0	0	0
2086	32	0	144	0	0	0	33
2087	15	0	22	0	0	0	0
2088	35	0	0	56	0	0	0
2089	0	0	13	0	0	0	0
2090	0	0	34	0	10	0	0
2091	130	0	0	0	277	0	0
2092	0	0	27	0	0	0	0
2093	18	0	142	0	0	0	0
2094	56	0	15	0	127	51	0
2095	0	0	119	339	46	0	0
2096	107	0	433	46	0	0	0
2097	76	103	264	0	574	0	106
2098	64	28	169	0	19	0	0
2099	1365	0	643	0	130	0	0
2100	41	0	56	0	0	0	10
2101	0	0	165	0	0	0	0
2102	0	236	284	0	0	0	0
2103	50	0	935	0	0	0	0
2104	116	0	65	0	0	0	5989
2105	70	36	0	0	0	0	0
2106	217	0	54	0	0	0	0
2107	30	0	13	383	0	0	44
2108	930	0	249	0	0	0	0
2109	11	0	37	0	0	0	0
2110	0	0	0	31	0	0	0
2111	750	812	2659	968	1705	36	433
2112	0	0	155	0	0	0	0
2113	0	0	1235	0	0	0	0
2114	80	18	18	0	2893	0	0
2115	0	0	730	0	0	0	0
2116	16	27	360	13	3486	11	47
2117	71	0	152	0	0	0	0
2118	847	0	1176	0	7546	0	156
2119	0	0	24	0	0	0	0
2120	347	0	36	0	0	0	0
2121	0	0	21	0	0	0	0
2122	303	0	1000	0	0	0	162
2123	14	0	47	0	19	0	0
2124	31474	11868	56766	27329	55713	11661	56002
2125	74	0	667	0	91	0	0
2126	1196	0	0	0	0	0	0
2127	0	0	145	0	0	0	12
2128	0	0	0	0	1394	0	0
2129	14	0	233	0	0	0	0
2130	10	0	55	0	0	0	0
2131	3610	2103	8573	0	6236	0	96
2132	146	0	0	0	0	0	0
2133	10	98	31	0	0	0	707
2134	0	0	13	0	0	33	0
2135	0	97	625	0	0	0	0
2136	25	0	0	0	0	0	0
2137	0	27	11	0	0	0	0
2138	3601	0	0	0	0	0	0
2139	293	0	0	0	0	0	0
2140	0	0	0	0	0	0	18
2141	23	0	131	0	0	0	0
2142	66	0	20	0	23	0	26
2143	282	0	0	0	0	0	0
2144	41	0	225	0	23	83	46
2145	0	0	29	0	0	0	0
2146	0	0	102	0	0	0	0
2147	0	0	45	0	0	0	0
2148	0	0	42	0	0	0	0
2149	28	0	88	87	0	0	0
2150	597	1731	6021	0	23	0	544
2151	0	0	0	0	0	0	38
2152	0	0	311	0	0	0	0
2153	432	0	1169	0	0	0	0
2154	1360	66	2349	2224	0	89	1471
2155	138	48	0	76	0	0	93
2156	0	0	96	0	0	0	0
2157	0	0	0	0	141	0	0
2158	0	36	0	0	0	0	0
2159	0	0	29	0	14	0	54
2160	957	582	4175	0	93	0	0
2161	0	27	15	0	89	0	0
2162	42	0	5623	0	1832	0	26
2163	0	0	350	0	0	0	90
2164	10	0	129	113	0	0	0
2165	28	0	0	0	0	0	0
2166	0	0	35	0	0	0	19
2167	181	0	35	0	0	0	19
2168	0	0	50	0	0	0	0
2169	25	0	70	0	0	0	176
2170	0	0	123	0	177	0	0
2171	0	449	0	0	0	0	0
2172	0	18	21	0	294	0	0
2173	64	22	10	0	0	0	0
2174	203	0	226	0	0	0	0
2175	0	18	0	0	0	0	0
2176	0	0	0	103	0	0	0
2177	23	0	2336	0	0	0	0
2178	36	14	0	0	101	0	0
2179	87	0	22	0	0	0	0
2180	146	0	611	0	0	0	0
2181	13251	651	30329	2637	112909	1360	29266
2182	151	0	403	0	0	0	0
2183	0	0	18	0	0	0	0
2184	0	0	0	0	0	0	222
2185	0	0	4255	0	0	0	0
2186	0	0	0	31	287	0	0
2187	0	0	14	0	0	0	0
2188	1481	840	308	0	49	0	229
2189	0	0	0	44	0	0	0
2190	17	0	274	0	0	0	0
2191	429	0	3042	0	0	0	2841
2192	1429	23	3492	412	1420	100	3527
2193	21	0	33	0	0	0	0
2194	0	0	20	0	0	0	0
2195	824	0	365	0	0	0	0
2196	0	0	37	0	0	0	0
2197	0	0	45	0	0	0	0
2198	31	0	17	0	0	0	0
2199	0	0	79	0	0	0	0
2200	0	0	0	0	0	0	71
2201	0	0	41	0	54	0	26
2202	0	0	0	285	18	0	0
2203	0	0	55	0	0	0	0
2204	956	0	81	0	0	0	0
2205	0	0	21	0	0	0	17
2206	34	0	232	0	0	0	0
2207	16	0	0	0	0	0	0
2208	91	0	269	850	178	0	0
2209	49	12	272	49	0	0	0
2210	66	0	44	0	0	0	30
2211	0	43	259	23	0	0	0
2212	49	19	395	0	0	0	13
2213	84	792	318	0	0	0	0
2214	0	0	0	0	0	0	73
2215	12	0	4056	0	1159	0	0
2216	0	631	23	0	0	0	0
2217	13	0	0	0	0	0	0
2218	0	0	47	0	0	0	0
2219	81	0	34	0	0	0	0
2220	0	0	44	0	14	0	0
2221	0	0	145	0	0	0	0
2222	0	0	37	0	19	0	0
2223	137	52	152	0	0	0	64
2224	175	0	279	0	0	127	0
2225	3233	76	10160	4744	15502	444	42484
2226	124	0	224	0	0	314	0
2227	0	0	61	0	0	0	0
2228	88	25	17	0	0	0	0
2229	168	12	179	0	1545	0	34
2230	0	0	47	0	0	0	0
2231	454	0	0	0	0	0	2458
2232	58	0	0	0	0	0	0
2233	18	0	27	0	107	0	0
2234	37	0	52	0	30	0	12
2235	36	0	442	14	0	0	0
2236	0	0	78	0	0	0	0
2237	82	0	1900	323	0	0	0
2238	60	0	0	0	0	0	0
2239	907	0	233	0	0	0	0
2240	104	0	15	0	0	0	0
2241	43	0	13	0	0	13	0
2242	32	0	62	0	0	0	0
2243	0	758	0	0	0	0	0
2244	45	0	52	0	31	0	0
2245	0	0	72	13	0	0	842
2246	31	13	487	0	0	0	0
2247	476	23	28	0	0	0	49
2248	45	0	200	1402	0	0	124
2249	22	531	572	0	2401	0	72
2250	0	0	42	2317	0	0	17
2251	15493	398150	113732	1571	331	0	24
2252	68	0	113	0	0	0	0
2253	16	0	71	0	0	0	42
2254	46	0	41	0	45	0	10
2255	0	0	105	0	0	0	0
2256	0	0	0	0	56	0	0
2257	290	0	54	0	0	0	0
2258	28	0	208	5468	54	216	206
2259	69	0	1038	0	0	0	0
2260	0	0	85	0	0	0	0
2261	236	48	1483	31	0	414	0
2262	0	36	27	0	0	0	0
2263	147907	20586	99322	254	53368	0	80
2264	19	0	102	44	0	0	0
2265	18	454	129	0	0	0	0
2266	15	0	20	0	0	0	0
2267	0	0	78	0	381	0	0
2268	0	0	0	0	0	0	78
2269	0	0	0	193	0	0	0
2270	0	0	32	0	0	0	0
2271	25	0	20	0	0	0	19
2272	384	0	132	0	133	0	55
2273	0	0	29	0	0	0	49
2274	0	0	0	26	0	0	0
2275	34	0	80	18	0	0	38
2276	0	0	78	0	0	0	0
2277	75	0	13	0	0	0	0
2278	0	0	0	20	0	0	0
2279	24	0	20	0	0	0	0
2280	46	0	176	0	0	0	670
2281	877	0	55	0	0	0	0
2282	0	0	15	0	0	0	0
2283	23	0	110	0	0	0	0
2284	80	0	1724	0	112	20	11
2285	0	0	35	0	0	0	19
2286	0	0	91	0	0	0	0
2287	11	0	0	10	406	0	0
2288	70	0	86	0	0	0	0
2289	0	0	38	0	80	0	0
2290	35	0	13	0	0	0	0
2291	92	0	0	0	0	0	0
2292	14	0	153	0	10	0	0
2293	643	172	23	0	0	0	0
2294	0	0	0	0	0	118	0
2295	25	0	0	0	0	0	0
2296	11	0	281	0	0	0	0
2297	0	0	67	0	0	0	0
2298	1036	0	0	0	0	0	0
2299	23	0	43	0	0	0	1480
2300	33	39	434	0	0	0	373
2301	79	0	17	0	0	0	0
2302	174	0	0	0	0	0	0
2303	62	0	64	0	0	0	0
2304	16	0	28	0	0	0	341
2305	0	0	247	0	0	26	0
2306	92	0	0	0	0	0	0
2307	17	0	200	0	0	0	0
2308	10	0	16	0	0	0	0
2309	354	0	69	0	0	0	0
2310	0	0	39	0	0	14	0
2311	0	0	44	0	0	0	0
2312	0	0	33	0	0	0	0
2313	0	0	0	142495	0	0	0
2314	0	0	11	0	0	0	0
2315	35	0	383	51	3346	0	0
2316	0	0	0	25	0	0	0
2317	3542	0	0	0	0	0	41
2318	238	0	280	0	0	0	0
2319	0	0	1266	0	3770	0	0
2320	0	34	27	0	0	0	0
2321	2671	4936	5077	0	1270	0	0
2322	0	0	421	42	0	0	0
2323	71	0	77	106	0	0	0
2324	0	0	18	0	0	0	0
2325	0	26	0	0	0	0	10
2326	75	0	64	0	0	22	18
2327	3898	191	8073	290	96	455	6610
2328	11	0	11	0	0	0	0
2329	32	0	0	0	0	0	0
2330	4962	441	6941	0	2565	14	11091
2331	80	0	345	0	0	40	0
2332	196	381	844	0	0	0	35
2333	82	0	0	0	0	0	0
2334	72	0	0	0	0	0	0
2335	0	84	89	0	0	0	0
2336	0	0	388	10	750	0	58
2337	146	0	0	0	0	0	0
2338	44	0	18	15	0	0	0
2339	86	0	550	0	29	0	33
2340	36	0	145	0	589	155	1029
2341	113	0	72	0	0	0	0
2342	0	0	16	0	0	0	0
2343	3894	88	453	23	65	34	547
2344	0	15	274	0	0	0	0
2345	79	78569	663	0	295	0	16
2346	0	33	78	0	0	0	20
2347	320	0	189	0	0	0	0
2348	24	27	78	0	631	0	44
2349	19	0	0	0	0	0	0
2350	1361	13636	114	0	0	0	0
2351	89	0	837	0	0	0	0
2352	59	0	0	0	0	0	0
2353	21	0	0	0	0	0	0
2354	0	0	31	0	23	0	0
2355	0	0	204	0	584	0	0
2356	211	0	0	114	0	0	0
2357	0	0	25	11	0	0	0
2358	0	0	19	0	0	0	10
2359	0	0	492	0	0	0	0
2360	128	0	53	0	2583	0	0
2361	247	69	1237	0	1947	0	70
2362	0	0	43	0	0	0	0
2363	4417	3276	12612	0	4993	13	131
2364	0	0	119	0	0	0	0
2365	130	0	102	20	0	0	0
2366	18	0	60	1065	2030	0	85
2367	21	0	0	0	0	0	0
2368	0	0	0	11	0	0	0
2369	0	0	0	0	26	0	0
2370	41	14	758	0	0	0	349
2371	0	0	81	0	0	0	0
2372	74	0	855	0	4190	0	0
2373	316	0	127	258	0	0	6060
2374	0	12	72	0	0	0	0
2375	0	0	28	0	0	0	0
2376	43	0	303	0	0	0	0
2377	0	12	0	0	0	0	0
2378	3557	95564	7971	376	14169	879	4924
2379	0	0	0	72	0	0	0
2380	0	0	103	0	0	0	0
2381	0	0	0	0	0	0	2166
2382	192	45	74	10	0	0	41
2383	40	0	332	0	0	0	0
2384	25	0	117	0	0	0	199
2385	1115	1170	3046	126	11577	0	1326
2386	0	0	26	0	0	0	0
2387	26	0	0	0	0	9018	17
2388	282	0	1261	0	0	0	0
2389	0	0	29	0	0	0	0
2390	0	0	11	0	0	0	35
2391	0	15	82	0	0	0	0
2392	15	0	16	0	0	0	0
2393	17	0	79	0	0	0	109
2394	629	0	65	245	0	0	0
2395	0	0	85	0	0	0	3514
2396	55	0	782	13	0	0	23
2397	0	0	46	0	0	0	0
2398	69	0	0	0	0	0	0
2399	23	0	330	0	0	0	0
2400	119	0	341	0	1179	0	69
2401	1443	0	0	0	0	0	0
2402	0	0	171	0	0	0	100
2403	0	0	104	0	0	0	12
2404	31	0	39	0	0	0	0
2405	185	19	28	3143	2944	0	10637
2406	250	0	29	197	0	0	0
2407	10137	0	0	0	0	0	0
2408	0	0	13	0	0	0	0
2409	100	0	0	0	0	0	0
2410	11	0	36	0	0	0	0
2411	0	0	19	0	0	0	0
2412	225	0	246	0	0	0	0
2413	0	0	69	0	0	0	0
2414	0	0	77	0	0	0	0
2415	79	0	694	0	0	32	18
2416	0	0	0	0	0	0	3072
2417	79	0	161	0	67	0	0
2418	0	0	207	0	0	0	0
2419	47	0	234	0	0	0	0
2420	21	0	28	0	0	0	0
2421	51	0	367	80	67	1581	36
2422	65	243	217	40	0	0	0
2423	0	26	0	0	0	0	0
2424	0	0	11	0	0	0	0
2425	0	294	234	0	5338	0	0
2426	0	1553	0	12	2424	12	0
2427	103	92	367	21	0	0	90
2428	0	0	89	0	0	0	28
2429	0	0	0	42	0	0	108
2430	51	0	251	0	0	0	0
2431	34	19529	242	0	19	0	0
2432	28	0	344	12	285	0	0
2433	18	0	34	0	0	0	0
2434	980	0	954	0	23	0	0
2435	0	0	75	0	0	0	0
2436	3336	479	14636	820	54965	0	12145
2437	160	0	35	0	0	0	0
2438	333	0	148	0	0	0	14
2439	13	0	0	0	311	0	0
2440	0	0	0	19	0	0	0
2441	0	0	14	0	0	0	17
2442	0	0	0	0	0	38	0
2443	0	0	1251	0	22	0	0
2444	17	0	0	0	0	0	0
2445	0	0	36	0	0	0	0
2446	0	0	0	0	18	0	28120
2447	13	0	13	0	0	0	0
2448	0	0	172	83	0	0	0
2449	0	0	0	0	26	0	0
2450	172	0	31	89	0	0	0
2451	0	0	0	0	0	0	0
2452	553	0	0	0	0	0	0
2453	0	0	42	0	0	0	0
2454	51	0	327	0	0	0	11
2455	5204	0	0	0	0	0	0
2456	26	0	142	0	0	0	3103
2457	0	16	20	0	0	0	35
2458	220	0	0	1437	0	0	0
2459	47	0	1088	258	0	0	0
2460	54	0	161	0	0	0	0
2461	36	0	677	40	0	0	47
2462	0	0	133	0	0	0	0
2463	41	0	0	0	0	152	0
2464	37	0	504	0	107	0	946
2465	10	0	2585	0	0	0	0
2466	0	0	281	0	63	0	0
2467	46	0	0	0	0	0	0
2468	0	0	58	0	0	0	0
2469	0	0	836	0	0	0	0
2470	0	0	57	0	0	0	0
2471	66	0	487	0	0	0	44
2472	0	0	101	0	0	0	0
2473	363	0	24	0	0	0	168
2474	135	0	85	0	0	0	8316
2475	20	0	21	0	0	0	0
2476	33	0	254	0	121	31	52
2477	0	52	0	0	0	0	0
2478	0	76	0	105	0	0	0
2479	0	0	0	0	11	0	0
2480	0	0	48	0	0	0	0
2481	0	0	66	0	0	0	0
2482	1376	48984	3987	1767	11836	52	226
2483	82	0	23	22	0	0	0
2484	40	0	75	0	13	0	1010
2485	828	13	924	198	13	0	53
2486	0	0	479	0	0	0	0
2487	0	0	321	0	0	0	0
2488	45	0	634	0	1006	0	14
2489	1071	1624	3443	83	9429	0	16218
2490	11	0	65	0	428	0	0
2491	0	0	0	0	0	0	49
2492	66	0	60	0	0	0	0
2493	491	0	337	0	211	0	0
2494	0	0	15	0	0	0	0
2495	10	0	0	0	0	0	1833
2496	0	0	216	0	0	0	0
2497	136	0	92	0	0	0	63
2498	0	0	81	0	0	0	93
2499	57	0	31	0	0	18	0
2500	78	0	11	0	21	0	0
2501	0	0	30	0	0	0	0
2502	24	0	11	0	0	0	0
2503	0	15	234	0	0	0	91
2504	0	0	185	0	0	0	0
2505	0	0	69	0	0	0	18
2506	0	0	0	0	0	24	0
2507	21	0	148	0	0	0	0
2508	0	13	0	0	0	0	0
2509	256	0	81	0	0	0	0
2510	11	0	147	0	0	0	0
2511	0	14	53	46	13	0	0
2512	247	0	360	0	0	0	0
2513	127	0	32	0	0	0	0
2514	34	0	44	0	0	0	38497
2515	0	0	5432	0	0	0	0
2516	470	153	2350	32	1298	181	144
2517	71	0	264	247	0	0	0
2518	16	666	686	0	0	0	0
2519	1892	639	2997	142	1450	92	5061
2520	0	0	98	0	0	0	0
2521	180	57	68	0	0	0	0
2522	13	0	0	0	0	0	0
2523	702	0	1119	2665	28	0	1007
2524	125	0	75	0	0	0	0
2525	0	0	10	0	0	0	0
2526	27	0	1392	0	0	0	0
2527	35	0	0	0	0	0	0
2528	216	0	204	0	0	0	0
2529	90	0	191	0	2224	14	0
2530	43	0	60	0	0	0	0
2531	1139	1404	1171	116	28	26	0
2532	0	0	37	0	11	0	0
2533	678	0	11	0	0	0	0
2534	16	0	439	0	0	0	30
2535	15	0	308	0	0	0	0
2536	2006	1472	26	243	0	0	58
2537	21	69	166	0	31	0	989
2538	57	0	421	472	0	0	0
2539	0	0	25	0	0	0	0
2540	0	0	39	0	0	0	570
2541	288	0	117	0	0	0	0
2542	33	0	33	1596	0	0	0
2543	0	1238	146	0	17	0	119
2544	11	0	0	0	0	0	0
2545	131	0	0	0	0	0	124
2546	1187	60683	3035	259	1528	0	28
2547	0	0	20	11	74	0	0
2548	12	0	27	0	0	0	0
2549	13	0	204	0	0	0	0
2550	89	0	487	0	0	0	0
2551	0	0	0	0	8023	0	0
2552	0	325	0	0	0	0	0
2553	0	0	22	0	0	0	0
2554	32	0	720	20	0	0	143
2555	0	0	0	0	211	0	0
2556	350	0	53	69	0	0	593
2557	0	0	0	13	0	0	0
2558	298	0	2012	0	50	19	0
2559	16	0	17	44	0	0	0
2560	60	0	17	39	20	0	259
2561	103	42	609	45	82	0	250
2562	154	0	2017	0	333	0	222
2563	0	0	0	368	0	0	0
2564	176	0	0	0	0	0	0
2565	30	0	0	0	0	0	0
2566	0	0	17	0	0	0	0
2567	0	0	16	0	0	0	1055
2568	198	0	0	0	0	0	0
2569	0	0	30	0	0	0	0
2570	0	198	36	0	21	0	0
2571	14	29	0	0	0	0	0
2572	482	0	215	0	787	0	0
2573	42	0	98	0	0	0	0
2574	0	0	50	0	26	0	23912
2575	12	0	13	0	0	0	0
2576	0	0	22	0	0	0	0
2577	0	0	0	0	0	18	0
2578	0	0	28	0	0	0	0
2579	0	0	0	0	89	0	0
2580	0	31	0	0	0	0	0
2581	59	0	510	187	0	0	0
2582	144	0	60	0	0	0	0
2583	90	0	245	0	0	0	93
2584	0	0	12	0	0	0	0
2585	0	0	736	0	0	0	0
2586	806	0	98	0	0	0	0
2587	99	0	129	237	119	0	179
2588	0	0	32	448	2814	0	48987
2589	917	0	604	0	0	0	0
2590	11382	4397	9950	3493	4629	231	16848
2591	0	0	157	0	0	0	0
2592	13149	28549	334678	53075	5948	19	20720
2593	156	0	822	0	0	0	0
2594	34	0	0	0	0	0	0
2595	463	1329	0	0	3609847	0	1259
2596	54	20	217	138	150	0	0
2597	0	0	178	0	0	0	0
2598	376	0	0	0	0	0	0
2599	65	82	338	0	0	0	62
2600	143	0	46	22	641	0	0
2601	22	0	1322	0	0	159	0
2602	0	0	0	75	0	162	0
2603	175	0	96	0	0	0	0
2604	72	0	0	0	0	0	0
2605	180	0	78	0	11	0	22
2606	161	0	10	0	0	0	0
2607	1378	0	475	0	0	0	0
2608	0	0	134	0	0	0	0
2609	35	0	72	0	17	0	0
2610	1120	200	2559	99	585	59	1753
2611	147	0	87	0	0	12	0
2612	0	1694	0	0	0	0	0
2613	3336	217	6332	757	4694	190	6228
2614	0	0	267	0	2459	0	0
2615	3222	87	10022	139	15974	90	3106
2616	0	0	0	0	0	0	829
2617	0	0	0	17	0	0	0
2618	0	0	389	0	3883	0	0
2619	86	14156	453	63	0	0	14
2620	367	0	934	0	0	0	1985
2621	55	0	34	0	0	0	0
2622	0	19	29	0	81	0	0
2623	0	56	23	0	76	0	0
2624	63	0	79	0	0	0	0
2625	0	21	0	0	33	0	0
2626	0	0	11	0	0	0	0
2627	0	0	55	0	0	0	27
2628	0	0	129	0	0	0	23
2629	0	0	38	0	0	0	0
2630	0	11	0	0	187	0	0
2631	1032	0	0	0	0	0	0
2632	0	0	12	0	0	0	51
2633	0	64	54	386	0	0	0
2634	0	0	75	0	0	0	0
2635	0	0	0	0	0	0	120
2636	0	0	28	0	12	0	0
2637	0	0	0	0	14	0	0
2638	0	0	0	0	35198	0	0
2639	121	0	0	0	0	0	0
2640	13799	52689	28889	1297	9053	686	30201
2641	33	0	33	0	0	0	90
2642	0	0	356	0	0	0	0
2643	0	0	45	0	0	0	0
2644	0	0	0	75	0	0	0
2645	36	0	10	0	0	0	0
2646	12	0	0	0	0	0	0
2647	75	0	0	0	0	0	0
2648	96	0	0	0	0	0	0
2649	91	0	196	0	0	0	521
2650	125	0	0	0	0	0	0
2651	0	0	0	0	0	0	0
2652	46	0	104	0	0	0	0
2653	0	0	23	16	0	0	0
2654	0	0	538	156	0	0	0
2655	130	124	48	0	0	0	0
2656	0	0	667	0	0	0	0
2657	30	0	0	0	0	0	0
2658	31	0	135	0	38	249	0
2659	0	162	72	0	0	0	0
2660	0	353	0	0	0	0	0
2661	97	24	97	0	0	0	855
2662	0	12	61	0	0	0	0
2663	46	0	204	0	0	0	0
2664	0	0	11	0	0	0	0
2665	935	0	0	0	0	0	0
2666	123	0	0	0	0	0	61
2667	0	0	17	144	55	14	0
2668	113	0	193	0	0	0	82
2669	140	0	64	0	0	0	1674
2670	10	0	0	0	0	0	67
2671	0	0	171	0	0	0	0
2672	0	0	284	34	0	0	0
2673	0	0	532	12	0	0	0
2674	837	0	22	0	69	0	23
2675	100	20	623	0	0	78	106
2676	42	0	0	0	0	0	0
2677	3218	36257	8034	259	7576	19	2473
2678	197	0	244	0	13	0	0
2679	0	0	0	0	0	17	94
2680	0	0	109	0	0	0	291
2681	52	0	162	0	0	0	0
2682	3348	1786	13263	1258	8098	130	5329
2683	924	21	2160	0	2802	0	508
2684	222	0	372	12	239	0	30
2685	25	0	0	0	0	0	0
2686	0	23	0	0	0	0	0
2687	32	0	0	0	0	0	0
2688	0	0	137	242	1252	0	838
2689	108	0	12	0	0	0	0
2690	68	0	134	0	0	0	3216
2691	951	0	5131	205	25	82	1218
2692	25	0	345	0	127	0	22
2693	380	0	266	0	0	0	1565
2694	0	0	266	0	0	0	0
2695	354	21	375	0	0	0	0
2696	0	0	32	0	0	0	0
2697	0	0	148	0	0	0	0
2698	12	0	23	0	0	0	0
2699	484	15	913	12	0	14	294
2700	0	0	49	0	0	0	0
2701	0	0	115	0	0	0	0
2702	26	0	120	0	0	0	452
2703	0	0	16	0	0	0	0
2704	1096	0	0	0	0	0	0
2705	44	0	555	0	0	0	0
2706	0	0	178	0	0	0	108
2707	11	353	15	0	0	11	0
2708	0	0	0	0	0	0	30
2709	62	0	30	267	0	82	15
2710	0	0	87	0	0	0	0
2711	45	0	0	0	0	0	0
2712	0	0	19	0	0	0	0
2713	75	32	557	271	0	0	47
2714	316	0	101	0	0	0	0
2715	608	0	0	0	0	0	0
2716	2012	195	2440	0	0	0	46
2717	27	0	1622	0	0	0	0
2718	18	0	499	0	166	0	0
2719	0	0	0	0	0	0	87
2720	72	0	125	0	0	0	0
2721	496	0	0	0	0	0	0
2722	20	0	16	0	41	0	0
2723	0	0	394	0	0	0	0
2724	22	0	2050	0	0	0	0
2725	458	0	0	0	0	0	0
2726	315	0	12	0	0	0	0
2727	0	67	43	0	0	0	0
2728	181	0	647	13	797	0	193
2729	0	11	0	0	0	0	0
2730	0	0	0	0	14	0	0
2731	0	0	15	0	0	0	0
2732	11	0	0	0	66	0	0
2733	0	0	51	0	0	0	0
2734	6110	0	0	0	0	0	0
2735	159	0	120	0	0	0	790
2736	12	0	38	0	0	0	0
2737	67	0	929	0	0	0	0
2738	0	0	0	0	0	0	25
2739	104	384	21	0	0	20	0
2740	0	0	0	0	0	0	199
2741	0	25324	0	0	0	0	0
2742	1411	0	788	0	7876	0	421
2743	71	0	87	0	0	0	0
2744	30	0	0	0	0	0	0
2745	56	0	46	103	0	0	15
2746	0	0	66	0	564	0	0
2747	1286	0	125	0	0	0	55
2748	0	0	56	0	0	0	0
2749	59	0	266	0	0	0	0
2750	25	0	1153	0	392	0	0
2751	0	0	20	0	0	0	0
2752	0	0	0	1017	0	0	0
2753	25	0	0	0	0	0	0
2754	32	0	458	0	0	0	0
2755	0	0	0	0	0	0	134
2756	186	0	390	518	4183	16	37
2757	31	0	0	0	137	0	0
2758	0	0	23	0	35	0	0
2759	522	596	144	0	180	0	6513
2760	613	0	136	0	0	0	0
2761	18	0	1278	0	0	0	0
2762	58	0	801	0	0	0	0
2763	0	0	148	0	0	0	0
2764	0	0	43	0	218	0	0
2765	136	0	177	0	0	0	10
2766	0	0	0	0	0	0	0
2767	0	0	13	26	0	0	0
2768	0	0	65	0	0	0	0
2769	94	17	554	0	0	0	0
2770	15	0	122	0	0	12	0
2771	11	500	2292	0	0	0	0
2772	37	79	214	0	0	0	0
2773	874	0	146	0	0	0	0
2774	612	0	814	0	0	0	0
2775	525	0	0	0	0	0	0
2776	509	0	391	0	0	0	0
2777	68	0	52	0	0	0	0
2778	0	0	50	0	0	0	0
2779	0	0	11	17	0	0	0
2780	56	0	574	0	0	0	0
2781	0	0	172	0	1651	0	0
2782	0	23	318	0	0	0	0
2783	63	0	120	0	0	0	595
2784	50	0	160	0	0	0	21
2785	21	0	71	0	0	0	0
2786	0	0	0	0	0	0	94
2787	0	0	0	0	0	0	136
2788	198	0	3102	0	33	0	1404
2789	0	0	28	0	0	0	0
2790	255	0	5537	0	0	0	0
2791	1346	0	0	0	0	0	0
2792	0	0	38	0	0	0	0
2793	914	211	8869	64	435	17	746
2794	230	996	849	0	0	34	63
2795	0	438	0	0	0	0	0
2796	0	0	18	0	0	0	0
2797	0	0	110	17	0	0	0
2798	0	0	0	0	46	0	921
2799	50	0	25	0	0	0	0
2800	0	0	17	0	0	0	0
2801	40	0	0	0	0	0	13
2802	0	41	0	0	0	0	0
2803	0	0	0	0	0	0	42
2804	178	0	665	0	52	235	13
2805	0	0	60	0	0	0	0
2806	146	485	729	0	0	0	0
2807	94	0	64	0	0	0	0
2808	158	0	1717	0	0	0	0
2809	0	0	0	174	26	0	0
2810	908	0	0	0	160	0	0
2811	24	0	36	0	0	0	0
2812	0	0	0	0	0	0	38
2813	90	0	156	0	0	0	30
2814	123	0	215	0	684	0	5787
2815	41	0	0	0	0	0	0
2816	0	0	646	0	0	0	0
2817	0	0	434	0	0	0	0
2818	0	0	195	0	0	0	0
2819	0	0	26	0	0	0	0
2820	0	0	87	0	0	0	0
2821	0	0	24	0	0	0	162
2822	0	0	0	0	0	0	26950
2823	36	0	19	205	0	0	18
2824	123	0	363	0	2252	0	27
2825	28	0	0	0	0	0	0
2826	0	0	58	0	0	0	0
2827	0	0	94	0	0	0	0
2828	35	0	676	0	0	0	15
2829	0	0	0	0	0	0	11
2830	0	0	276	0	0	0	0
2831	546	36	808	0	0	353	67
2832	171	0	660	0	0	0	0
2833	0	0	48	0	0	0	0
2834	96	0	0	103	41	220	0
2835	0	0	69	0	0	0	0
2836	0	0	0	18	0	0	0
2837	0	0	194	0	0	0	0
2838	0	0	0	0	441	0	0
2839	0	0	0	0	0	41	0
2840	56	14	194	0	0	0	0
2841	227	0	99	0	6211	0	0
2842	0	15	0	0	0	0	0
2843	47	0	223	0	0	0	654
2844	0	0	145	0	0	0	0
2845	11	0	0	0	0	0	0
2846	26	0	51	0	0	0	0
2847	0	0	20	0	0	0	0
2848	0	0	0	0	240	0	0
2849	99	0	671	0	865	0	62
2850	73	76	88	0	0	0	192
2851	271	0	198	0	53	0	89
2852	0	0	54	0	0	0	0
2853	28	0	37	0	0	0	0
2854	3367	0	857	111	0	26	0
2855	0	0	10	0	323	0	0
2856	137	0	1289	0	157	0	0
2857	97	27	0	15	0	0	0
2858	36	0	28	0	28	0	2728
2859	83	0	104	0	0	0	0
2860	14	322	413	949	0	0	0
2861	0	0	249	8505	0	0	0
2862	0	0	63	0	0	0	0
2863	0	0	140	0	0	0	0
2864	0	0	170	0	0	0	0
2865	23	0	2553	0	0	0	0
2866	44	361	154	0	0	0	0
2867	0	0	12	0	0	17	0
2868	0	0	0	0	280	0	0
2869	1193	0	199	0	5008	0	126
2870	15	0	18	0	0	0	9781
2871	0	0	0	0	0	0	58
2872	23	0	441	0	0	0	0
2873	581	0	375	81	22	0	211
2874	217	79	1130	22	0	0	0
2875	0	0	31	0	0	0	0
2876	0	0	202	0	0	0	0
2877	32	0	43	0	0	0	0
2878	0	0	0	27	0	0	0
2879	986	0	0	0	0	0	0
2880	116	0	64	0	0	0	0
2881	375	0	0	0	51	0	0
2882	57	0	206	0	0	0	0
2883	12	0	48	0	14	0	0
2884	0	0	17	0	13	0	4208
2885	60	25	279	0	0	0	0
2886	41	0	357	1686	1738	0	0
2887	51	0	307	0	0	0	0
2888	6796	128	5428	10	64	73	610
2889	0	0	0	661	0	0	0
2890	0	0	159	0	0	0	0
2891	53	38	72	0	0	0	0
2892	0	0	689	0	0	389	0
2893	3429	0	0	0	0	0	0
2894	28	0	18	0	0	0	0
2895	10	0	0	0	0	0	357
2896	103	174	259	0	1001	0	0
2897	0	0	34	0	0	0	390
2898	149	0	0	0	0	0	0
2899	12	0	81	0	0	0	0
2900	30	0	133	0	0	0	0
2901	70	0	96	0	0	0	0
2902	105	0	4488	0	0	0	394
2903	0	0	0	0	0	28	0
2904	165	0	56	0	0	0	0
2905	50	0	260	0	0	0	0
2906	0	0	24	0	0	0	0
2907	0	0	14	0	0	0	0
2908	17	0	202	29	11	0	0
2909	18	0	15	0	0	0	0
2910	0	0	0	284	0	0	0
2911	0	124089	0	0	0	0	0
2912	0	0	0	0	0	0	205
2913	0	0	0	0	0	0	270
2914	0	0	39	0	0	0	0
2915	62	0	10	0	0	0	0
2916	82	0	310	0	0	0	0
2917	13	0	33	0	26	0	0
2918	51	0	31	0	0	0	0
2919	104	0	1627	0	1057	0	36
2920	0	0	16	0	0	0	0
2921	226	0	767	0	0	0	0
2922	59	0	231	0	0	0	0
2923	51	0	105	0	0	0	0
2924	345	2204	685	125	264	0	768
2925	105	0	29	0	0	0	149
2926	106	97	53	0	0	0	0
2927	0	0	789	0	0	458	2601
2928	1067	41922	3658	60	0	0	0
2929	1936	0	3508	0	15056	0	49
2930	430	5909	508	0	0	829	529
2931	217	14	156	99	0	0	234
2932	54	38	20	0	0	0	20
2933	0	0	24	0	0	0	0
2934	0	0	0	0	99	0	0
2935	340	0	36	0	0	0	0
2936	0	0	154	0	0	0	0
2937	0	0	0	0	0	20	0
2938	0	35	40	0	0	14	0
2939	0	0	0	0	19	0	37
2940	0	0	20	0	0	0	0
2941	0	0	0	0	0	0	1602
2942	0	0	23	0	0	0	17
2943	36	0	36	0	0	0	0
2944	0	0	0	0	159	0	0
2945	81	0	34	0	0	0	0
2946	0	0	62	0	359	0	0
2947	566	0	0	15	312	0	0
2948	534	17	297	0	391	0	0
2949	1530	629	12024	679	5088	18	489
2950	0	0	125	0	70	0	0
2951	0	0	0	0	0	0	126
2952	59	0	1838	0	0	0	0
2953	0	0	0	0	831	0	0
2954	0	0	21	0	0	0	0
2955	0	0	622	0	0	0	0
2956	231	0	795	42	19	0	45
2957	0	0	0	0	0	0	723
2958	0	0	86	0	0	0	0
2959	155	0	81	0	0	0	14
2960	32	0	322	572	0	0	0
2961	248	239	3315	0	5677	0	1855
2962	109	0	58	0	0	0	0
2963	0	0	25	0	0	0	8201
2964	280	0	14	39	0	0	0
2965	69	0	19	0	887	0	69
2966	8117	0	0	0	0	0	0
2967	0	0	375	0	858	0	100
2968	0	75	0	0	0	0	0
2969	103	0	321	63	0	0	0
2970	0	0	95	0	55	0	1698
2971	0	0	107	67	0	0	0
2972	49	0	34	0	0	0	0
2973	4289	447	22242	8713	45292	802	8199
2974	0	0	0	465	0	0	0
2975	625	0	88	0	0	0	0
2976	397	0	297	0	0	0	21
2977	0	0	17	0	0	0	0
2978	0	0	23	0	0	0	0
2979	89	682	268	0	2283	0	19
2980	465	0	109	394	471	0	45
2981	0	0	68	0	0	0	0
2982	184	0	182	0	0	0	0
2983	0	189	0	0	0	0	0
2984	0	0	3725	11	0	0	2466
2985	0	0	562	0	0	0	0
2986	2794	0	147	0	0	0	0
2987	10	0	66	0	0	0	3757
2988	33	0	17	24	0	0	0
2989	19	50	2482	0	0	0	0
2990	289	0	0	0	0	0	0
2991	18	0	71	0	0	0	0
2992	62	154	656	0	91	0	96
2993	18	0	483	0	101	17	2172
2994	0	0	29	0	0	0	0
2995	0	0	97	0	17	0	0
2996	79	0	0	0	0	0	0
2997	27	0	282	22	0	0	0
2998	0	845	0	0	0	0	0
2999	0	0	23	0	0	0	0
3000	85	24	55	0	0	0	0
3001	0	0	35	0	0	0	0
3002	0	0	42	0	0	0	0
3003	28	0	0	0	0	0	46
3004	640	0	0	0	0	0	59
3005	111	1740	308	43	5762	0	0
3006	113	0	982	0	0	0	10
3007	60	0	387	0	13	0	32
3008	625	0	0	0	0	0	0
3009	4845	0	26	0	180	0	898
3010	172	0	283	78	0	15	71
3011	0	0	46	0	0	0	0
3012	365	0	0	0	0	0	0
3013	0	0	56	0	0	0	0
3014	141	0	6245	0	12	0	120
3015	26	0	34	0	0	0	0
3016	29	0	54	0	0	0	0
3017	1264	34	0	0	0	0	0
3018	1670	0	829	0	0	12	0
3019	111	0	28	796	0	0	0
3020	0	50	0	0	0	0	0
3021	149	0	1149	0	0	0	0
3022	0	0	28	0	525	0	0
3023	10	0	165	0	0	0	0
3024	15	804	0	0	0	0	0
3025	4889	426	14480	1588	7743	111	3082
3026	109	0	326	0	0	0	12
3027	132	0	0	0	0	0	0
3028	106	0	100	0	0	0	23
3029	42	0	2214	0	0	0	0
3030	23	15	966	1508	0	0	0
3031	510	10903	581	0	990	0	188
3032	13	0	33	0	0	0	0
3033	76	0	142	0	0	0	18
3034	0	0	13	0	0	0	0
3035	20	0	451	0	0	0	16
3036	36	0	332	60	0	0	17
3037	0	27	0	0	0	0	0
3038	82	0	165	13	0	0	0
3039	725	0	108	0	151	0	169
3040	0	0	76	95	0	0	0
3041	0	0	98	0	0	0	0
3042	22	0	16	0	0	0	0
3043	107	0	44	0	0	0	0
3044	0	0	0	0	0	670	0
3045	0	0	0	43	0	0	258
3046	39	0	0	253	0	0	0
3047	185	118	883	0	0	0	0
3048	58	0	661	0	0	0	0
3049	0	0	0	0	0	0	13103
3050	88	0	0	0	0	0	0
3051	0	0	86	0	0	0	0
3052	83	0	49	29	159	0	405
3053	47	0	25	101	0	0	0
3054	71	12	241	0	0	0	0
3055	330	14	2286	17	164	0	0
3056	18268	0	0	16	0	0	0
3057	17014	0	0	11	0	0	0
3058	210	0	0	471	0	0	0
3059	6074	214	21	0	0	0	0
3060	0	0	1063	96	0	0	850
3061	118	0	0	0	40	0	0
3062	853	0	681	0	0	0	0
3063	22	0	20	0	0	0	0
3064	30	0	0	0	0	0	0
3065	0	0	27	0	14	0	21
3066	660650	0	620	1100	4463	626	0
3067	304	0	745	0	1986	0	0
3068	158	0	0	0	0	0	0
3069	0	0	60	0	0	0	0
3070	1459	3458	1294	0	0	49	33
3071	0	0	0	0	11	0	0
3072	121	0	0	0	0	0	0
3073	276	74	1133	0	0	0	0
3074	0	0	0	0	0	0	15
3075	0	0	27	0	0	0	0
3076	54	0	16	0	0	0	0
3077	191	0	1115	0	0	0	0
3078	0	0	0	0	0	0	247
3079	25	0	0	0	0	0	0
3080	0	0	0	16	0	0	0
3081	24	0	0	0	0	0	0
3082	35	0	49	0	0	0	83
3083	14	0	0	31	0	0	5760
3084	0	0	28	0	0	0	0
3085	16	0	0	1011	0	0	0
3086	80	0	40	0	0	0	20
3087	0	0	0	0	0	45	0
3088	65	0	1097	0	0	0	0
3089	0	0	17	0	0	0	0
3090	88	93	583	0	4411	0	0
3091	16	0	152	0	42	0	0
3092	107	0	340	0	127	0	196
3093	0	0	605	933	0	0	27
3094	401	0	913	43	188	0	28
3095	21	0	0	0	0	0	0
3096	0	0	67	0	0	0	0
3097	0	0	13	0	0	0	0
3098	0	0	0	0	278	0	0
3099	0	0	251	0	47	0	0
3100	699	54	382	0	10784	0	0
3101	32	0	0	423	0	0	0
3102	0	0	19	0	0	0	0
3103	48	0	632	0	0	0	23
3104	0	0	30	0	0	0	0
3105	0	0	0	0	77	0	0
3106	203	0	12	0	0	0	0
3107	1055	0	120	0	0	0	0
3108	0	0	993	0	0	0	0
3109	0	0	11	0	0	0	0
3110	129	0	269	0	11	0	0
3111	94	241	427	0	0	0	0
3112	255	10894	31	0	18	0	0
3113	143	0	118	0	0	0	0
3114	69	0	3313	0	288	0	0
3115	2198	0	0	0	0	0	0
3116	358	0	0	131	0	0	0
3117	0	0	84	0	0	0	0
3118	794	0	22	0	0	0	0
3119	0	16	15	0	0	0	0
3120	13	0	0	0	0	0	0
3121	11	18	20	0	0	0	0
3122	15	0	110	0	70	0	0
3123	85	0	302	0	127	0	346
3124	226	0	2639	0	473	0	0
3125	79	0	2914	0	0	0	0
3126	360	0	1622	540	0	0	0
3127	25	0	0	0	0	0	0
3128	0	0	43	0	0	0	0
3129	0	0	10	106	0	0	0
3130	28	0	0	75	0	0	0
3131	0	0	21	366	0	0	0
3132	193	0	84	0	0	0	0
3133	0	0	0	0	0	0	51
3134	0	0	66	678	0	0	0
3135	59	0	908	0	155	0	8123
3136	11	0	17	0	0	0	0
3137	0	0	109	0	0	0	0
3138	0	0	383	0	0	0	0
3139	40	0	37	0	0	0	0
3140	102	0	264	0	0	0	0
3141	999	0	351	57	32	0	0
3142	0	0	18	0	0	0	24
3143	0	0	31	0	0	0	0
3144	0	0	159	0	0	0	0
3145	0	0	128	0	0	0	0
3146	0	0	47	0	0	0	495
3147	115	0	0	0	0	0	0
3148	229	25	482	35	0	0	260
3149	2388	20445	21566	11	161	0	441
3150	205	0	111	0	0	0	15
3151	0	0	0	0	1723	0	0
3152	43	27	424	0	0	0	0
3153	0	10	47	0	0	0	0
3154	8097	122	17034	277	10242	382	3609
3155	20	0	38	0	0	0	0
3156	3381	201889	0	0	0	0	0
3157	0	0	104	0	0	0	0
3158	0	0	17	0	0	0	0
3159	18	0	0	0	0	0	171
3160	23	0	304	0	0	0	109
3161	0	0	205	0	0	0	0
3162	65	35	127	0	0	0	0
3163	22	0	139	0	14	0	34598
3164	12	0	18	0	0	0	0
3165	0	0	1021	0	0	0	0
3166	0	0	11	0	0	0	0
3167	30	15	2598	0	44	0	0
3168	0	0	214	0	0	0	0
3169	0	0	22	0	0	0	0
3170	32	0	344	0	0	0	0
3171	0	0	43	0	0	0	0
3172	0	0	333	0	0	0	265
3173	235	0	11	0	0	0	0
3174	144	0	0	0	0	0	0
3175	545	0	902	0	0	0	0
3176	0	44	27	0	0	0	0
3177	38	0	496	0	0	286	0
3178	0	0	24	0	0	0	0
3179	17	0	0	0	0	0	0
3180	0	0	276	0	0	0	81
3181	11	0	0	0	0	0	40
3182	1148	58	275	0	2734	23	107
3183	23	0	452	0	0	0	0
3184	4750	0	42	0	0	0	0
3185	0	414	88	0	0	0	0
3186	31	0	51	194	0	0	0
3187	146	0	0	0	0	0	318
3188	69	0	0	0	0	0	0
3189	33	0	0	84	0	0	0
3190	0	0	16	0	0	28	73
3191	470	0	521	0	0	208	28
3192	0	0	0	0	1165	0	0
3193	0	0	0	0	199	0	0
3194	274	0	390	0	0	0	11
3195	0	0	0	0	0	0	845
3196	72	0	174	77	0	0	13
3197	211	0	17	0	0	0	0
3198	91	0	54	0	0	0	0
3199	487	0	38	0	0	0	0
3200	90	0	90	85	0	0	11
3201	1728	55	2094	282	1409	11	1520
3202	0	0	0	0	300	0	0
3203	166	0	710	0	219	0	920
3204	0	0	63	0	0	0	0
3205	204	0	128	31	0	0	0
3206	0	0	15	0	0	0	0
3207	502	0	22	0	0	0	6945
3208	15	0	0	0	0	0	0
3209	0	14	32	11	0	0	0
3210	141	0	68	0	0	0	0
3211	0	0	17	0	0	0	0
3212	0	0	0	10	0	0	0
3213	835	0	0	0	0	0	0
3214	61	0	11	0	0	0	0
3215	11	0	64	0	772	0	0
3216	88	0	1132	0	0	0	0
3217	13	0	0	0	0	0	0
3218	0	0	126	0	149	0	0
3219	0	0	27255	0	0	0	0
3220	0	0	10	0	0	0	0
3221	43	0	0	0	116	0	0
3222	0	0	3394	0	0	0	0
3223	0	0	12	0	24	0	0
3224	236	31	61	28	0	0	135
3225	40	0	0	0	0	0	0
3226	59	0	3891	0	0	0	29
3227	0	0	33	0	0	0	0
3228	110	0	55	15	0	0	46
3229	0	0	41	0	0	0	0
3230	0	0	97	0	485	0	0
3231	0	0	4321	0	20	0	0
3232	7039	8525	17823	4280	43974	383	68102
3233	736	0	1765	0	16	0	817
3234	0	0	73	0	0	0	310
3235	0	0	0	0	0	0	41
3236	149	28	431	18	0	0	1148
3237	0	0	0	4144	223	0	0
3238	258188	6773	470	40916	3272	2207	7188
3239	90	0	732	0	0	0	0
3240	14	0	1470	0	0	0	0
3241	13	0	79	82	0	0	0
3242	0	182	0	0	0	0	0
3243	276	0	545	17	1394	0	85
3244	0	14	24	0	0	0	0
3245	316	20	17	44	10	0	0
3246	0	0	24	0	0	0	0
3247	439	101	186	0	15	0	33
3248	39	0	0	0	0	0	0
3249	0	0	38	0	33	0	0
3250	348	0	916	0	394	0	0
3251	47	0	0	0	0	0	0
3252	0	0	51	0	0	0	0
3253	0	0	14	0	0	0	0
3254	189	0	639	146	0	60	94
3255	19	0	0	0	0	0	0
3256	20	72	0	604	0	0	27
3257	119	0	0	0	0	0	0
3258	46	0	808	296	13	0	1051
3259	1962	0	1089	0	1338	0	195
3260	79	0	45	344	0	0	25
3261	0	0	70	0	0	0	1723
3262	0	0	142	0	0	0	0
3263	15	47	0	0	0	0	0
3264	73	0	539	0	0	0	57
3265	0	0	15	0	0	0	0
3266	20	0	143	0	419	0	8040
3267	246	12	459	78	4147	451	27
3268	584	0	0	0	0	0	0
3269	474	0	108	0	5720	0	0
3270	0	0	72	21	0	0	19
3271	0	0	314	0	0	0	0
3272	739	112	68	12	0	0	0
3273	0	0	0	0	0	0	0
3274	0	0	0	0	0	0	122
3275	0	0	21	0	0	0	48
3276	3458	0	0	68	0	0	70
3277	208	0	28	0	0	0	0
3278	78	0	0	0	0	0	0
3279	11	126	50	0	0	0	153
3280	120	0	39	170	0	0	0
3281	89	0	42	0	0	0	0
3282	60	0	0	0	0	0	0
3283	0	0	0	15	0	0	0
3284	0	141	646	383	0	0	0
3285	197	0	146	0	135	0	0
3286	34	0	36	0	22	0	58
3287	130	0	0	0	0	0	0
3288	15	0	1241	24	120	0	0
3289	0	0	0	0	0	67	15
3290	0	0	36	0	0	0	0
3291	0	0	267	0	0	0	0
3292	13	40	15	0	0	0	3488
3293	0	0	21	0	0	0	0
3294	382	0	39	0	0	0	0
3295	10	0	125	0	0	77	0
3296	0	0	16	0	0	0	0
3297	28	0	902	0	0	0	217
3298	10	53	302	0	0	0	0
3299	23	0	1842	0	0	0	0
3300	134	0	96	0	0	0	0
3301	309	1367	711	0	0	0	0
3302	53	0	34	0	0	0	0
3303	23	0	16	0	0	0	0
3304	126	0	241	0	0	0	0
3305	514	144	708	15	179	0	1144
3306	0	0	79	0	0	0	0
3307	541	0	169	0	0	0	0
3308	277	0	443	0	0	0	17
3309	116	0	0	0	0	0	0
3310	17	0	21	0	0	0	0
3311	201	0	0	0	0	0	0
3312	27	0	595	0	0	0	35
3313	39	0	93	0	0	0	21
3314	143	0	0	0	0	44	0
3315	15	0	0	0	0	0	0
3316	72	0	0	0	0	0	0
3317	37	0	556	0	100	30	107
3318	73	0	0	0	0	0	0
3319	271	0	0	0	0	0	0
3320	0	39	0	0	0	0	0
3321	65	0	304	129	24	0	874
3322	0	0	49	0	10	0	0
3323	0	0	996	0	48	0	0
3324	349	0	17	0	0	0	0
3325	0	0	132	0	0	0	0
3326	29	0	81	0	633	0	0
3327	11	0	123	0	0	55	0
3328	0	0	0	723	0	0	0
3329	0	0	0	87	0	0	0
3330	0	32	36	0	336	0	475
3331	0	0	0	0	0	0	77
3332	863	0	321	0	51	0	0
3333	0	0	69	0	0	0	0
3334	37	620	231	0	0	0	59
3335	210	0	483	0	21	0	38
3336	0	0	19	0	560	0	30
3337	13	0	805	0	94	0	0
3338	0	0	1367	0	0	0	0
3339	26	0	13	0	0	0	0
3340	0	33	0	0	0	0	0
3341	0	0	28	0	0	0	0
3342	83	323	32	0	0	0	0
3343	0	0	392	0	0	24	0
3344	18	0	111	0	114	0	0
3345	14	0	18	0	0	0	0
3346	0	202	0	0	0	0	0
3347	0	0	0	0	0	153	0
3348	312	0	0	333	0	0	48
3349	0	0	22	0	0	0	0
3350	0	253	0	0	0	0	0
3351	165	0	11	23	39	0	30
3352	117	0	453	0	353	0	261
3353	0	0	37	0	0	11	0
3354	0	0	44	0	0	0	11
3355	0	0	19	0	168	0	0
3356	187	0	432	0	43	0	42562
3357	360	78	313	16	371	0	0
3358	0	342	958	0	0	0	0
3359	1707	0	0	0	39	0	19
3360	48	0	63	34	86	0	249
3361	75	0	27	0	0	0	0
3362	0	0	15	0	0	116	0
3363	111	0	18	0	0	0	0
3364	0	0	15	0	0	0	0
3365	0	65	23	0	0	0	0
3366	0	0	0	0	0	0	10
3367	5521	112	1240	171	15166	0	0
3368	1318	28	4691	11	3343	10	806
3369	331	0	67	0	0	0	0
3370	0	0	0	0	0	0	21
3371	0	179	11	0	0	0	0
3372	49	0	144	0	0	0	0
3373	119	23530	1758	0	0	0	0
3374	0	0	446	0	103	0	0
3375	44	0	20	0	0	0	0
3376	21	0	416	0	0	0	0
3377	0	0	0	0	0	0	0
3378	65	100	1457	0	0	0	0
3379	0	0	0	0	13	0	0
3380	46	2130	1057	0	17	0	13
3381	201	0	578	0	13	0	1505
3382	0	0	110	0	0	0	0
3383	209	0	0	0	0	0	0
3384	0	0	15	0	0	0	0
3385	34	0	26	0	0	0	0
3386	0	0	189	0	428	0	0
3387	50	0	17	0	0	0	0
3388	0	0	0	0	0	0	41
3389	49	0	148	0	95	0	0
3390	0	14	229	0	15	0	0
3391	12	0	21	0	0	0	0
3392	322	0	274	33	0	0	215
3393	0	0	27	0	0	18	51
3394	0	0	112	0	0	0	0
3395	0	50	221	0	12	0	0
3396	18	0	0	0	0	0	0
3397	192	0	0	0	0	0	0
3398	29	0	341	0	0	0	271
3399	0	40	0	0	0	0	0
3400	99	0	188	0	0	0	0
3401	0	0	11	0	0	0	0
3402	0	0	64	0	0	0	0
3403	89	117	0	97	11	0	28882
3404	0	0	26	0	0	0	4143
3405	13	0	89	287	20	0	0
3406	0	0	0	0	0	0	59
3407	0	0	34	0	0	0	0
3408	0	0	11	0	0	0	0
3409	0	0	0	0	0	0	430
3410	0	112	12	48	12	0	62
3411	0	0	203	0	0	0	0
3412	0	0	0	0	10	0	0
3413	137	0	26	0	130	0	205
3414	0	0	14	0	0	0	0
3415	188	30	207	0	981	0	0
3416	76	0	18	0	0	0	0
3417	0	0	167	0	0	0	0
3418	24	0	57	0	0	0	29
3419	85	11827	64	12	0	0	26
3420	18	0	546	68	182	0	82
3421	0	0	162	0	0	0	0
3422	0	0	0	0	21	0	0
3423	37	28	0	0	0	0	0
3424	11	0	55	0	0	0	0
3425	10	490	0	0	0	0	17
3426	16	133	88	0	0	0	94
3427	0	0	1228	0	0	0	0
3428	0	0	29	0	0	0	0
3429	0	0	10	0	0	0	28
3430	319	0	0	0	0	0	0
3431	0	0	24	0	0	0	11582
3432	0	0	354	0	0	0	0
3433	0	110	0	0	0	0	11
3434	103	0	245	57	14	0	0
3435	841	0	351	0	0	14	69
3436	3728	35	7000	992	10026	71	1643
3437	96	19	110	0	40	11	0
3438	0	107	0	0	0	0	0
3439	57	0	483	0	0	0	299
3440	0	0	0	0	116	0	0
3441	15	184	272	0	0	0	0
3442	0	14	0	0	0	0	344
3443	0	0	11	0	0	0	0
3444	11	0	0	237	0	0	0
3445	0	0	50	0	0	0	0
3446	7033	8312	16148	606	6005	1172	9511
3447	224	0	342	0	0	0	519
3448	3193	50	2406	0	1527	0	78
3449	18	0	1697	0	0	0	15
3450	64	0	199	0	0	0	0
3451	35	0	0	81	0	0	15
3452	34	38	291	241	0	0	56
3453	644	0	71	0	0	0	0
3454	303	0	0	0	0	0	0
3455	20	0	0	0	122	0	0
3456	96	0	0	0	1003	0	0
3457	1374	0	327	0	8765	0	0
3458	14	18	32	0	0	0	0
3459	27	0	0	0	0	0	12
3460	0	0	175	0	0	0	0
3461	1235	0	0	0	0	0	0
3462	0	297	210	0	0	0	0
3463	15	0	29	0	0	0	0
3464	284	0	0	15	0	0	0
3465	37	0	72	3855	0	0	0
3466	270	0	0	0	0	0	0
3467	0	0	139	0	0	0	0
3468	0	84	15	0	0	0	0
3469	98	0	25	0	0	0	0
3470	0	0	19	0	0	0	17
3471	71	0	167	0	36	0	0
3472	0	42	48	0	53	0	0
3473	64	0	0	0	0	0	0
3474	205	10	921	0	5726	0	90
3475	0	0	0	22	0	0	0
3476	150	0	399	0	0	0	75
3477	73	0	384	118	0	0	11
3478	238	0	0	14	0	0	0
3479	261	18835	389	0	349	0	0
3480	140	69	163	0	14	0	0
3481	0	28	49	0	62	0	0
3482	18	0	65	0	0	0	0
3483	227	0	38	0	0	0	0
3484	0	0	0	0	0	13	0
3485	53	0	145	0	0	0	48
3486	0	0	169	0	0	0	0
3487	0	0	15	0	0	0	0
3488	0	0	91	0	0	0	0
3489	24	0	0	0	0	0	0
3490	10	0	192	0	0	0	0
3491	168	0	11	0	0	0	0
3492	216	0	0	0	0	0	0
3493	0	0	0	0	0	0	32
3494	0	0	11	0	0	0	0
3495	10	253	530	0	0	0	47
3496	0	0	0	0	71	0	0
3497	1127	0	43	0	0	0	0
3498	0	0	90	325	0	38	0
3499	0	0	12	0	0	0	0
3500	0	0	117	0	20	0	0
3501	0	0	0	0	0	250	0
3502	0	0	33	0	0	0	3967
3503	0	0	0	60	0	0	0
3504	22	0	0	87	0	0	0
3505	44	125	115	0	0	0	0
3506	0	0	10	0	0	0	0
3507	172	0	511	10	218	0	100
3508	0	0	103	0	0	0	0
3509	0	0	0	0	365	0	0
3510	13	0	107	11	2276	0	10
3511	592	0	77	4868	0	0	37
3512	157	0	0	0	0	0	14
3513	57	0	0	0	0	0	0
3514	0	0	658	0	0	0	0
3515	19	0	0	0	0	0	0
3516	1089	113	97	444	0	0	0
3517	0	0	31	0	0	0	310
3518	29	60292	1788	51	453	2524	0
3519	5586	0	72	0	0	0	0
3520	5560	484	6722	4150	18610	711	2883
3521	0	0	38	0	0	0	0
3522	97	0	1416	0	0	0	0
3523	0	0	785	0	0	0	0
3524	0	0	38	0	0	0	0
3525	11	0	65	0	0	0	0
3526	0	0	174	0	0	0	0
3527	116	0	198	0	0	0	0
3528	0	0	249	0	0	0	0
3529	0	775	0	0	0	0	0
3530	85	0	45	86	0	22	0
3531	12	0	0	0	0	0	0
3532	28	0	81	11	0	0	0
3533	29	0	100	24	0	0	0
3534	656	10	0	0	0	0	0
3535	11	26	0	0	0	0	0
3536	2327	0	0	0	0	0	0
3537	0	0	0	0	0	0	12
3538	0	32	496	0	136	0	0
3539	0	0	548	0	0	0	0
3540	0	0	288	0	0	0	0
3541	426	0	45	0	0	0	0
3542	0	0	18	0	0	0	0
3543	0	0	0	0	0	0	13
3544	7310	51	73	0	0	0	0
3545	0	155	0	0	0	0	0
3546	27	0	91	0	0	0	0
3547	0	0	122	0	0	0	0
3548	0	0	0	0	38	0	0
3549	1119	11	0	0	0	0	0
3550	22	0	66	31	544	18	0
3551	0	0	163	0	0	0	0
3552	0	0	60	0	0	0	0
3553	55	0	0	0	0	0	0
3554	0	0	31	0	0	0	0
3555	0	0	12	0	0	0	0
3556	0	0	30	0	0	0	0
3557	217	0	2496	3090	0	0	1045
3558	0	0	0	0	48	0	0
3559	0	31	12	0	0	0	0
3560	36	1039	66	0	14	0	0
3561	11	0	0	0	59	0	0
3562	13101	0	6347	160	19430	0	242
3563	345	0	49	0	0	0	0
3564	55	0	25	0	16791	29	0
3565	0	0	33	0	0	0	0
3566	0	0	22	0	0	0	0
3567	0	0	201	565	0	0	20
3568	294	27	74	0	0	0	0
3569	3446	299	6800	338	14186	103	2068
3570	17	0	73	3098	0	0	0
3571	64	0	532	0	0	0	58
3572	0	0	0	0	0	0	171
3573	0	0	36	0	0	0	0
3574	0	0	122	0	0	0	0
3575	0	0	12	0	0	0	0
3576	62	41	502	0	0	0	0
3577	0	0	0	0	20	0	0
3578	0	0	105	0	0	0	0
3579	634	0	359	0	0	0	37
3580	252	0	0	0	0	0	38
3581	35	33	361	0	7080	0	40
3582	0	0	110	0	0	0	0
3583	0	0	676	0	0	0	0
3584	0	0	436	0	0	0	0
3585	21	0	146	0	0	0	0
3586	12	0	714	0	0	0	0
3587	0	137	0	0	0	0	0
3588	1637	1065	5843	201	4238	125	122
3589	0	0	63	0	0	0	0
3590	0	35	0	0	0	0	60
3591	47	0	174	0	0	0	0
3592	218	299	0	0	0	0	0
3593	560	0	89	0	0	0	0
3594	861	18	0	0	0	0	0
3595	711	179	2133	48	1633	26	4551
3596	56	0	78	0	238	0	0
3597	0	0	0	0	0	0	198
3598	104	0	0	0	0	0	0
3599	69	0	222	0	0	0	0
3600	33	0	497	0	698	0	0
3601	342	176	201	0	0	0	8370
3602	86	0	2053	0	0	131	0
3603	33	0	602	48	1280	0	0
3604	427	0	0	0	0	0	0
3605	0	0	26	0	0	0	0
3606	0	29	66	0	0	0	0
3607	55	0	0	0	0	0	0
3608	0	0	371	0	0	0	0
3609	10418	5067	4730	934	875	80	527
3610	0	0	521	0	0	0	237
3611	0	0	68	0	0	0	0
3612	40	0	134	0	0	0	0
3613	0	0	0	0	0	0	15
3614	182	0	1922	0	102	0	419
3615	0	0	618	0	0	0	10
3616	58	0	13	0	0	0	0
3617	0	0	50	0	0	0	0
3618	0	0	56	0	0	0	46
3619	15	0	68	0	0	0	0
3620	0	0	17	0	0	0	0
3621	146	0	230	0	0	0	418
3622	0	18	90	0	0	0	0
3623	0	0	478	0	0	0	0
3624	65	0	103	0	0	0	0
3625	132	0	0	0	0	0	0
3626	0	0	220	0	115	0	0
3627	1261	235	3360	2433	4430	560	7507
3628	198	0	400	76	1902	0	235
3629	0	0	38	0	0	0	0
3630	55	0	51	15	0	0	1502
3631	0	0	16	0	0	0	0
3632	14	0	112	0	0	0	0
3633	29	0	11	0	0	0	0
3634	0	0	0	141	0	0	0
3635	0	0	0	0	0	0	94
3636	0	0	381	0	0	0	376
3637	0	0	0	0	0	0	63
3638	16	59	0	0	0	0	0
3639	1507	113	59	0	0	0	0
3640	420	0	0	0	65	0	0
3641	0	0	0	0	8298	0	11
3642	1465	0	169	1609	0	0	0
3643	25	0	0	0	0	0	0
3644	21	0	128	1072	0	12	110
3645	45	64	440	0	0	0	0
3646	13	20	296	0	365	0	0
3647	23	0	111	0	0	0	53
3648	18	0	118	0	0	0	0
3649	13	17	19	0	0	42	0
3650	0	0	66	0	0	0	0
3651	1503	327	2814	93	0	13	2586
3652	37	0	27	0	0	0	0
3653	686	0	0	0	0	0	0
3654	388	0	65	39	0	0	12223
3655	0	6233	0	0	0	0	0
3656	0	0	46	0	0	0	0
3657	43	511	149	2812	13231	0	379
3658	19	0	0	0	0	0	0
3659	0	0	0	68	0	0	0
3660	0	0	90	0	0	0	0
3661	2237	45	4529	550	283	99	1571
3662	202	195	210	0	627	12	8566
3663	0	0	0	13	0	0	0
3664	0	0	1538	0	70	0	0
3665	0	20	0	0	0	0	0
3666	0	0	38	0	0	0	13125
3667	0	64	0	0	0	0	0
3668	96	0	120	0	0	0	206
3669	0	0	163	10	0	0	30
3670	90	0	401	0	26	0	569
3671	12	0	39	0	0	0	34
3672	69	0	0	0	0	0	0
3673	2141	68	0	0	0	0	0
3674	18	0	282	0	0	0	26
3675	0	0	285	0	576	0	1004
3676	98	0	2964	16	984	0	39
3677	195	12	466	0	0	0	87
3678	0	0	339	0	0	0	0
3679	0	1355	37	0	0	0	0
3680	0	94	0	0	0	0	0
3681	0	0	633	0	0	0	0
3682	15	0	113	0	61	0	0
3683	76	0	445	0	0	0	0
3684	0	0	181	0	0	0	0
3685	188	0	343	87	14	0	0
3686	0	0	0	11	0	0	0
3687	0	0	47	0	0	0	0
3688	0	0	20	0	0	0	4211
3689	0	0	266	0	0	0	0
3690	0	0	370	0	0	0	0
3691	0	0	0	1002	15055	0	0
3692	91	0	51	0	0	0	0
3693	0	0	0	0	52	0	0
3694	0	0	14	0	0	0	0
3695	0	0	15	0	0	0	0
3696	3954	0	0	0	24	0	0
3697	534	0	0	0	0	0	0
3698	0	0	50	0	0	0	0
3699	76	0	102	0	0	0	591
3700	1102	0	352	0	0	0	72
3701	0	47	0	0	0	0	0
3702	51	51	48	0	0	0	12
3703	0	0	242	0	0	0	0
3704	0	0	154	0	0	0	0
3705	118	0	0	0	0	0	0
3706	0	0	58	0	0	0	0
3707	131	0	0	0	29	0	0
3708	164	0	46	0	0	0	0
3709	14906	83	2057	781	2071	0	3667
3710	0	0	1248	0	0	0	0
3711	68	0	13	0	0	0	0
3712	102	15	2505	0	419	0	866
3713	0	19	43	0	0	0	0
3714	749	0	1011	260	6709	760	75
3715	308	0	2918	35	12	0	16
3716	0	0	0	0	0	0	19
3717	76	77	348	162	0	0	0
3718	25	26	0	0	0	0	0
3719	3654	0	961	92	0	0	53
3720	180	0	754	959	847	0	240
3721	0	0	424	0	262	0	0
3722	717	0	0	0	0	13	0
3723	60	0	0	0	0	0	15
3724	0	0	0	582	0	0	0
3725	33	0	0	0	0	0	0
3726	279	0	66	41	0	0	0
3727	29	939	91	0	0	0	0
3728	13	0	55	0	0	0	66
3729	121	0	15	38	0	0	0
3730	160	0	0	0	0	0	0
3731	33	0	1412	0	0	0	0
3732	0	12	0	0	0	0	0
3733	0	0	1266	1091	0	0	0
3734	2546	0	0	0	726	0	0
3735	14	0	147	0	0	0	0
3736	0	0	29	0	0	0	0
3737	5153	0	7641	8607	0	1071	7969
3738	0	0	11	0	13	0	0
3739	13	0	367	0	0	0	0
3740	39	0	869	0	0	0	0
3741	1037	0	0	0	0	0	0
3742	63	1583	339	0	0	0	98
3743	26	0	0	0	0	0	41
3744	237	0	1610	0	0	0	0
3745	441	0	0	0	0	0	0
3746	479	13	903	0	896	0	21
3747	0	0	451	0	0	0	0
3748	0	58	0	0	0	0	0
3749	48	0	0	0	0	0	0
3750	0	0	45	0	0	0	0
3751	0	0	0	258	0	0	0
3752	19	0	0	0	0	0	0
3753	29	0	0	0	35	0	0
3754	39	0	57	0	0	17	0
3755	0	0	0	43	0	0	0
3756	0	0	621	0	0	0	0
3757	370	277	3359	0	573	20	0
3758	56	0	0	0	0	0	0
3759	0	0	80	0	0	0	0
3760	0	0	31	0	0	0	0
3761	41	19	157	47	0	0	130
3762	0	71	0	0	643	0	0
3763	0	0	89	0	127	0	12
3764	0	0	0	20	0	0	0
3765	85	0	454	0	0	0	0
3766	120	0	0	0	0	0	0
3767	7984	30761	14060	13073	8343	450	9343
3768	0	11	7253	118	0	0	0
3769	0	0	95	0	17	0	0
3770	0	0	0	0	229	0	0
3771	2290	0	0	0	0	0	0
3772	0	0	0	0	0	0	11
3773	0	0	603	0	0	0	0
3774	0	0	56	0	0	0	0
3775	22	0	321	0	67	0	0
3776	0	0	202	0	0	0	0
3777	12	0	121	0	0	0	0
3778	37	0	984	0	0	0	17
3779	0	0	438	0	0	0	0
3780	62	0	165	0	0	0	0
3781	15	0	120	0	0	0	0
3782	1539	0	102	0	0	0	226
3783	10	0	484	0	0	0	0
3784	111	0	0	0	0	0	0
3785	0	0	63	0	7479	0	0
3786	0	0	135	0	0	0	57
3787	93	0	0	0	0	0	0
3788	0	0	34	0	0	0	0
3789	554	181	973	301	176	0	76
3790	0	0	30	0	0	0	0
3791	15648	0	0	14	0	0	0
3792	117	0	92	0	0	0	0
3793	321	0	106	0	0	0	0
3794	18	0	0	0	0	0	0
3795	0	0	97	0	33	0	0
3796	5542	0	11354	472	0	172	6518
3797	133	0	918	0	0	0	0
3798	687	119	1204	114	623	0	2451
3799	162	5803	192	107	1265	14	133
3800	68	0	0	0	0	0	0
3801	7996	0	3626	5164	0	0	89
3802	59	0	719	24	14283	0	29
3803	15	655	0	0	0	0	0
3804	0	0	0	0	0	0	537
3805	73	0	51	0	0	0	0
3806	0	0	712	0	0	0	0
3807	0	0	0	0	0	175	0
3808	950	0	0	0	0	0	0
3809	0	0	112	0	0	0	0
3810	0	39	0	680	0	0	0
3811	0	28	0	0	0	0	0
3812	230	0	0	0	0	0	0
3813	18	0	86	0	38	0	105
3814	11	0	225	0	0	0	0
3815	101	16	533	40	17	37	13
3816	91	0	144	0	0	0	0
3817	227	0	494	59	0	0	22
3818	0	275	33	0	0	0	0
3819	37	0	31	0	0	0	0
3820	0	0	103	0	15	0	0
3821	2169	9087	1734	20	97	20	945
3822	154	0	43	0	0	0	0
3823	2576	0	195	0	293	0	0
3824	174	284	604	24	0	0	10
3825	673	1326	1188	15	59	18	2918
3826	1623	0	1563	0	0	0	0
3827	0	0	12	0	0	0	0
3828	52	0	2024	0	0	0	0
3829	0	0	40	0	0	0	0
3830	182	0	1366	0	62	0	0
3831	0	101	0	0	0	0	0
3832	0	0	79	0	0	0	0
3833	0	0	13	0	0	0	0
3834	0	0	30	0	0	0	0
3835	14	19	324	0	14	0	0
3836	83	0	15	0	0	0	0
3837	73	0	126	0	0	0	0
3838	0	11	39	0	0	0	27
3839	0	0	711	47	0	0	0
3840	0	17	667	0	0	0	0
3841	0	0	0	0	405	0	0
3842	0	0	33	0	0	0	0
3843	0	15	359	0	0	0	35
3844	0	0	0	0	20	0	0
3845	0	0	30	0	0	0	0
3846	49	74	200	0	31	0	34
3847	4436	15159	15419	5029	14581	742	9846
3848	92	0	60	0	33	0	0
3849	0	570	0	0	0	0	0
3850	0	0	24	0	0	0	0
3851	103	410	47	0	0	0	16
3852	418	158	206	0	2967	0	0
3853	24	0	10	0	0	0	0
3854	0	0	44	188	0	0	0
3855	0	28	0	0	0	0	0
3856	0	0	0	0	12	0	0
3857	0	0	46	11	18	0	0
3858	0	0	33	183	0	0	22
3859	51	0	141	0	0	0	0
3860	2151	0	2988	0	2282	0	90
3861	29	829	634	0	0	0	21
3862	0	0	332	0	0	0	0
3863	32	0	331	688	819	0	21
3864	115	0	119	0	0	0	38
3865	51	0	245	0	0	0	4106
3866	53	0	255	251	0	0	308
3867	0	0	84	0	0	0	0
3868	36	0	24	0	0	0	0
3869	0	96	0	0	0	0	0
3870	434	0	3503	0	2908	0	0
3871	0	0	43	0	0	0	0
3872	160	77	349	368	41	0	177
3873	177	10	55	0	0	0	0
3874	24	251	214	0	0	0	0
3875	0	0	250	0	0	0	0
3876	0	153	20	0	0	0	0
3877	22	0	80	0	0	0	0
3878	19	0	1321	0	0	0	0
3879	5928	0	0	115	0	0	0
3880	0	0	1480	0	0	0	0
3881	75	0	0	0	0	0	0
3882	104	0	27	0	0	22	0
3883	22	0	0	0	21	0	33
3884	0	0	0	0	13	0	0
3885	0	0	0	0	0	0	227
3886	0	0	594	0	0	0	0
3887	41	257	21	0	28	0	36
3888	2001	131	1190	76	3471	0	26
3889	0	0	229	0	0	0	0
3890	34	0	0	0	0	0	0
3891	0	0	537	0	0	0	0
3892	0	0	41	0	0	0	0
3893	66	29	97	62	0	0	0
3894	47	0	78	0	0	0	0
3895	0	0	0	0	28	0	0
3896	83	43	242	0	0	0	103
3897	632	0	559	0	24	0	0
3898	475	0	514	0	605	142	0
3899	51	0	89	0	0	0	0
3900	44	151	196	0	0	0	0
3901	0	0	23	0	0	0	0
3902	261	0	149	0	0	0	0
3903	186	0	0	0	0	0	0
3904	31	0	0	0	0	0	0
3905	0	0	17	0	0	0	0
3906	0	0	763	0	0	0	0
3907	102	0	153	0	0	0	30
3908	0	88	0	0	0	0	0
3909	35	0	188	0	0	0	0
3910	0	0	136	0	0	0	0
3911	419	36502	0	0	38	0	0
3912	0	0	1585	0	26	0	0
3913	21	0	191	0	15	0	86
3914	0	0	11	0	0	0	0
3915	245	0	177	119	0	0	5622
3916	139	0	713	0	42	0	10
3917	21	0	0	0	0	0	0
3918	0	24	0	0	0	0	0
3919	0	0	582	0	0	0	0
3920	340	19	962	1111	216	0	1146
3921	0	0	0	29	0	0	0
3922	399	0	664	0	0	0	0
3923	518	0	0	0	0	0	0
3924	438	0	35	0	0	0	0
3925	0	0	15	0	0	0	0
3926	43	0	60	13	83	0	10
3927	19	0	199	0	0	0	0
3928	534	0	1434	11	0	0	0
3929	0	0	0	113	0	0	0
3930	0	0	0	0	10	0	0
3931	93	0	50	0	24	0	36
3932	0	29	0	0	0	0	0
3933	16	0	29	0	0	0	129
3934	0	0	30	0	0	0	0
3935	236	20	1179	0	0	0	0
3936	0	0	513	0	0	0	10
3937	0	0	54	0	0	0	0
3938	26	0	54	0	0	0	0
3939	0	0	87	0	0	0	0
3940	10	0	0	0	0	0	0
3941	645	77	1745	21	764	34	98
3942	0	0	0	144	0	0	0
3943	1512	0	1223	0	45	0	0
3944	2008	48	471	0	0	0	18
3945	16	0	111	0	0	0	53
3946	3172	0	401	0	538	0	0
3947	23	0	142	102	249	0	30
3948	0	16	0	0	0	0	0
3949	0	1294	465	0	0	0	0
3950	0	18	121	0	0	198	0
3951	0	0	24	0	0	0	0
3952	83	0	2382	0	0	0	3641
3953	0	0	46	0	0	0	0
3954	0	0	80	141	16	0	0
3955	12	0	222	0	0	0	0
3956	19	25	138	0	0	0	0
3957	22	0	0	0	0	0	0
3958	62	0	221	19	0	0	205
3959	0	0	36	0	0	0	0
3960	0	0	0	17	0	0	168
3961	25	0	479	0	0	0	26228
3962	24	0	0	0	0	0	0
3963	1300	17	678	232	911	0	278
3964	0	0	0	0	0	0	16
3965	27	0	1064	0	0	0	0
3966	0	0	871	0	0	0	0
3967	0	0	13	0	0	0	0
3968	0	0	81	0	0	0	131
3969	120	74	257	0	0	0	181
3970	44	0	0	0	0	0	0
3971	111	0	26	0	0	0	0
3972	234	0	181	18	0	0	0
3973	0	0	697	0	0	0	0
3974	22	0	39	0	0	0	0
3975	719	367	2453	0	3289	0	0
3976	687	0	197	0	0	0	38
3977	0	29	280	0	0	0	0
3978	0	0	256	0	162	0	4674
3979	135	0	0	0	0	0	24
3980	0	0	1002	0	0	0	0
3981	0	0	95	0	0	0	0
3982	0	0	370	0	0	0	0
3983	0	15	0	0	0	0	0
3984	0	0	0	0	0	0	46
3985	192725	6738	584	769	25	3109	2051
3986	44	0	0	0	0	0	0
3987	0	0	20	0	0	0	0
3988	0	0	138	0	0	0	0
3989	0	0	28	0	0	0	0
3990	0	31	0	0	0	0	0
3991	34	56563	477	0	0	0	0
3992	294	0	0	0	0	0	0
3993	107	0	48	0	0	0	57
3994	0	468	0	0	12	0	0
3995	0	33986	0	0	0	0	0
3996	20	0	0	0	0	0	0
3997	243	0	94	0	0	0	0
3998	27	514	107	0	1534	0	877
3999	26	17	11	0	0	0	0
4000	1486	0	219	25	22	0	38
4001	11	35	0	0	0	0	0
4002	0	0	21	0	0	0	0
4003	1621	16	5730	70	5204	227	1779
4004	0	0	11	0	0	0	0
4005	33	0	119	10	118	0	0
4006	397	13	1659	0	649	0	426
4007	0	0	33	0	0	0	0
4008	0	0	25	0	0	0	0
4009	0	0	0	408	0	0	0
4010	96	0	147	0	0	0	45
4011	217	0	0	0	0	0	0
4012	371	0	33	0	0	0	29
4013	0	0	158	613	0	0	143
4014	0	0	51	0	0	0	0
4015	0	0	0	51	0	0	0
4016	239	0	53	0	0	0	0
4017	555	0	0	0	0	0	19
4018	17	0	173	0	130	0	54
4019	0	0	16	0	0	0	0
4020	134	0	0	0	0	0	0
4021	191	0	206	0	0	0	0
4022	124	0	502	0	0	0	0
4023	52	0	511	12	0	0	20
4024	38	0	13	0	144	0	32
4025	72	0	24	0	0	0	0
4026	176	0	117	0	0	0	190
4027	26	0	238	21	0	0	407
4028	0	0	0	0	0	52	0
4029	40	0	722	39	1343	0	861
4030	36	0	101	74	0	0	0
4031	0	0	0	549	485	0	0
4032	2080	0	461	10	912	0	878
4033	25	0	0	0	0	0	0
4034	484	0	0	0	0	0	0
4035	1049	515	5567	789	8298	0	1817
4036	0	0	0	0	0	0	20
4037	6251	494	10024	7279	9835	1514	29053
4038	18	0	66	20	0	0	0
4039	11	0	78	0	0	82	0
4040	13	0	224	0	0	24	32
4041	68	0	65	0	0	0	32
4042	0	0	77	95	0	0	14
4043	0	0	59	0	0	0	0
4044	73	0	63	0	525	0	0
4045	139	0	409	560	92	0	24
4046	0	131	0	0	0	0	0
4047	141	0	12748	0	640	0	0
4048	705	75	2680	0	0	0	147
4049	263	0	31	10	32	0	0
4050	21	0	52	0	0	0	46
4051	30	19	40	0	0	0	0
4052	548	12	840	0	0	0	115
4053	52	0	130	0	0	0	0
4054	0	37	0	0	0	0	0
4055	0	0	0	180	0	0	0
4056	0	0	12	0	0	0	0
4057	16	0	193	0	138	0	0
4058	0	0	15	0	0	0	0
4059	0	0	4537	391	0	0	0
4060	148	14	214	0	3322	0	0
4061	1347	2580	8374	768	777	0	1269
4062	16	0	46	0	0	0	39
4063	25	0	38	0	0	0	0
4064	2644	1925	6799	205	1342	69	1591
4065	14	0	64	0	0	0	20
